
-- DROP DATABASE IF EXISTS my_payments_db;
-- CREATE DATABASE my_payments_db;
USE my_payments_db;

CREATE TABLE customer (
                          id INT PRIMARY KEY,
                          full_name VARCHAR(100),
                          email VARCHAR(100) UNIQUE,
                          phone_number VARCHAR(20),
                          created_at DATETIME
);

CREATE TABLE transaction (
                             id INT PRIMARY KEY,
                             customer_id INT,
                             amount DECIMAL(10, 2),
                             currency VARCHAR(3),
                             category VARCHAR(50),
                             status ENUM('PENDING', 'COMPLETED', 'FAILED'),
                             created_at DATETIME,
                             description VARCHAR(255),
                             FOREIGN KEY (customer_id) REFERENCES customer(id)
);

CREATE TABLE payment (
                         id INT PRIMARY KEY,
                         transaction_id INT UNIQUE,
                         method VARCHAR(50),
                         status ENUM('INITIATED', 'SUCCESS', 'FAILED'),
                         reference_id VARCHAR(100),
                         processed_at DATETIME,
                         FOREIGN KEY (transaction_id) REFERENCES transaction(id)
);

START TRANSACTION;
INSERT INTO customer (id, full_name, email, phone_number, created_at) VALUES
                                                                          (1, 'Lindsey Murray', 'terriromero@yahoo.com', '8769415396', '2025-06-12 23:28:30'),
                                                                          (2, 'Michael Perry', 'mark37@gmail.com', '606.147.0905', '2024-11-29 12:16:06'),
                                                                          (3, 'Kelly Hopkins', 'vhampton@davis.info', '(159)485-6147x0', '2025-02-27 21:16:26'),
                                                                          (4, 'Kimberly Cooper', 'larias@mcdonald.com', '224-825-3935x41', '2025-05-24 22:38:52'),
                                                                          (5, 'Scott Mahoney', 'josephjason@vasquez.com', '+1-028-784-1849', '2024-03-21 00:26:29'),
                                                                          (6, 'Ashley Lucas', 'irichardson@hotmail.com', '880-630-7563', '2024-10-30 11:25:40'),
                                                                          (7, 'Sandra Robinson', 'lisamullins@schroeder.com', '494-672-3918x56', '2024-11-07 03:15:14'),
                                                                          (8, 'Karen Peterson', 'coreycooper@mahoney.com', '662-866-1225x83', '2024-12-23 03:36:22'),
                                                                          (9, 'Charles Woods', 'larry91@yahoo.com', '664.449.9575x42', '2024-10-26 05:24:20'),
                                                                          (10, 'Andrew Warren', 'portertiffany@gmail.com', '+1-327-660-7275', '2025-04-02 01:05:22'),
                                                                          (11, 'Derrick Pugh', 'drakeeric@osborne-acosta.com', '001-832-704-907', '2024-08-29 08:54:28'),
                                                                          (12, 'Crystal Romero', 'thomashawkins@yahoo.com', '193.185.9329x93', '2023-12-13 18:29:31'),
                                                                          (13, 'Victoria Patterson', 'danielle79@gmail.com', '737.189.4442x91', '2025-07-01 13:04:41'),
                                                                          (14, 'Katherine Hall', 'wendy60@yahoo.com', '401-937-0089x99', '2025-02-23 19:50:18'),
                                                                          (15, 'Catherine Gardner', 'kcollins@moore.biz', '+1-650-099-3590', '2024-02-14 22:47:44'),
                                                                          (16, 'Alyssa Cohen', 'eddie43@hotmail.com', '226.484.6396', '2024-02-12 02:51:46'),
                                                                          (17, 'Michael Pope', 'hansonemily@yahoo.com', '(884)990-9045x9', '2024-06-14 19:11:30'),
                                                                          (18, 'Miguel Soto', 'sawyerjeremy@wade.net', '(046)726-1111x2', '2024-04-22 18:40:20'),
                                                                          (19, 'Colleen Myers', 'holmesrodney@nolan.info', '001-277-196-313', '2025-03-09 03:12:45'),
                                                                          (20, 'Jordan Martin', 'samanthacollins@yahoo.com', '001-680-639-361', '2023-11-27 23:22:07'),
                                                                          (21, 'Brian Davis', 'danabennett@dean-davis.com', '727-591-3496x05', '2024-05-21 01:41:32'),
                                                                          (22, 'Teresa Yates', 'leeaudrey@cunningham.org', '(970)441-2852x3', '2023-11-24 19:23:01'),
                                                                          (23, 'Rebecca Hood', 'saundersjordan@gmail.com', '(371)578-2725x0', '2023-10-29 10:45:23'),
                                                                          (24, 'Juan Jones', 'roberthenderson@williams.com', '709-157-8526', '2025-03-24 05:04:15'),
                                                                          (25, 'Kelly Watson', 'danieljacob@hotmail.com', '(144)156-0038x9', '2024-10-02 20:39:57'),
                                                                          (26, 'Logan Harris', 'shayes@johnson.com', '001-219-270-746', '2025-03-08 22:47:00'),
                                                                          (27, 'Heather Branch', 'xkelley@hotmail.com', '458.000.1786', '2025-03-22 01:00:06'),
                                                                          (28, 'Stephanie Williams', 'stanleymontes@hotmail.com', '+1-757-544-7313', '2024-09-20 17:13:46'),
                                                                          (29, 'Paige Bishop', 'maurice43@young.org', '5829554461', '2024-05-14 17:59:22'),
                                                                          (30, 'Lindsay Brown', 'duncandaniel@marsh-olsen.com', '(609)172-1255x6', '2024-10-20 11:48:19'),
                                                                          (31, 'Logan Martin', 'stephanie81@hotmail.com', '001-454-775-836', '2024-11-10 08:07:34'),
                                                                          (32, 'Gina Wilson', 'jessicalong@simmons-thompson.net', '456-713-1123x77', '2025-06-07 06:29:11'),
                                                                          (33, 'Joshua Jones', 'brownmichael@bowen.net', '771.673.7918', '2025-05-02 09:14:23'),
                                                                          (34, 'Allison Flores', 'danielle58@marshall-rodgers.com', '(961)973-4766x2', '2025-06-20 16:33:22'),
                                                                          (35, 'Aaron Grimes', 'christinabrown@hotmail.com', '508.059.8905x57', '2024-03-03 15:06:53'),
                                                                          (36, 'Mr. George Keller Jr.', 'antonio13@hotmail.com', '137.569.9840x69', '2025-04-24 22:29:04'),
                                                                          (37, 'Kristin Green', 'hayesdaniel@gmail.com', '067-761-6673', '2024-06-25 01:55:51'),
                                                                          (38, 'Kara Arias', 'idawson@yahoo.com', '(410)043-7401', '2024-01-24 07:05:31'),
                                                                          (39, 'Holly Mcconnell', 'elizabeth44@hotmail.com', '230-887-7634x56', '2024-11-02 12:17:17'),
                                                                          (40, 'Jacob Fuller', 'jasonmurphy@hotmail.com', '001-604-539-211', '2024-12-21 22:09:17'),
                                                                          (41, 'Mark Thomas', 'laura69@soto.com', '295.974.8128x00', '2024-04-30 04:38:30'),
                                                                          (42, 'Darren Welch', 'yolson@hotmail.com', '+1-162-299-5892', '2025-01-13 15:28:18'),
                                                                          (43, 'Richard Smith', 'jonestammy@lee.info', '+1-769-590-4835', '2025-04-01 19:52:16'),
                                                                          (44, 'Evan Bryant', 'ggutierrez@shelton.com', '(731)115-8526x4', '2025-01-23 01:31:21'),
                                                                          (45, 'Joseph Hopkins', 'john67@strickland.net', '+1-952-492-3908', '2024-09-26 11:16:04'),
                                                                          (46, 'Rachel Logan', 'kathysmith@gonzales-rodriguez.com', '514-517-0975', '2024-10-07 22:59:33'),
                                                                          (47, 'Mary Shields', 'melissanelson@gmail.com', '891-247-1619', '2024-07-23 14:32:44'),
                                                                          (48, 'Gregory Hernandez', 'annwalsh@gmail.com', '+1-889-167-9506', '2025-02-03 02:44:25'),
                                                                          (49, 'Jeffrey Thomas', 'robertcastillo@hotmail.com', '+1-137-530-0241', '2023-09-10 07:00:42'),
                                                                          (50, 'Thomas Anderson', 'jeffrey23@gmail.com', '677-500-2063x83', '2024-04-07 00:13:45');

COMMIT;

START TRANSACTION;
INSERT INTO transaction (id, customer_id, amount, currency, category, status, created_at, description) VALUES
                                                                                                           (1, 41, 120.22, 'INR', 'Utilities', 'COMPLETED', '2025-05-06 04:46:41', 'End dream before million.'),
                                                                                                           (2, 9, 739.11, 'INR', 'Food', 'PENDING', '2025-05-28 04:30:07', 'Across around important.'),
                                                                                                           (3, 28, 41.46, 'USD', 'Subscription', 'COMPLETED', '2025-06-05 16:06:42', 'Pm realize your discussion evening book.'),
                                                                                                           (4, 39, 36.27, 'USD', 'Food', 'COMPLETED', '2025-02-24 15:21:34', 'Help read bar specific property start paper particular.'),
                                                                                                           (5, 29, 593.37, 'USD', 'Subscription', 'COMPLETED', '2024-07-04 21:22:52', 'Before tree explain garden live.'),
                                                                                                           (6, 22, 285.09, 'USD', 'Utilities', 'COMPLETED', '2024-07-31 18:29:39', 'Science security ten forget answer girl.'),
                                                                                                           (7, 25, 105.75, 'EUR', 'Food', 'COMPLETED', '2025-06-29 16:34:20', 'Run hospital single sign until into.'),
                                                                                                           (8, 3, 732.43, 'INR', 'Retail', 'FAILED', '2025-06-11 09:59:08', 'Turn fight decision mean while.'),
                                                                                                           (9, 25, 88.01, 'EUR', 'Food', 'FAILED', '2024-10-10 20:17:02', 'Early treatment develop around but management attack.'),
                                                                                                           (10, 24, 581.58, 'INR', 'Retail', 'PENDING', '2025-03-29 12:29:31', 'Life require edge event network teacher.'),
                                                                                                           (11, 15, 775.34, 'USD', 'Subscription', 'FAILED', '2025-02-22 01:20:44', 'Religious themselves win owner expect local.'),
                                                                                                           (12, 25, 285.19, 'INR', 'Utilities', 'COMPLETED', '2025-04-26 01:01:17', 'Similar writer mother lay.'),
                                                                                                           (13, 23, 217.41, 'EUR', 'Retail', 'COMPLETED', '2025-06-14 21:49:49', 'Accept early always against human debate increase chair.'),
                                                                                                           (14, 11, 538.8, 'USD', 'Subscription', 'COMPLETED', '2024-11-27 08:27:33', 'Seat specific to when its.'),
                                                                                                           (15, 18, 989.63, 'INR', 'Food', 'COMPLETED', '2024-10-05 00:34:12', 'Young school garden.'),
                                                                                                           (16, 21, 844.42, 'USD', 'Subscription', 'COMPLETED', '2024-12-30 13:02:19', 'Respond heavy receive better boy employee its.'),
                                                                                                           (17, 21, 407.15, 'USD', 'Subscription', 'FAILED', '2024-12-14 02:33:38', 'People life beat dream view government.'),
                                                                                                           (18, 37, 877.6, 'EUR', 'Subscription', 'COMPLETED', '2025-03-31 12:00:21', 'Window seek action long.'),
                                                                                                           (19, 26, 885.84, 'INR', 'Healthcare', 'COMPLETED', '2025-07-03 14:56:31', 'Meet firm heart conference.'),
                                                                                                           (20, 9, 254.16, 'INR', 'Food', 'COMPLETED', '2025-06-18 14:00:49', 'Bit determine worker.'),
                                                                                                           (21, 38, 434.15, 'INR', 'Healthcare', 'COMPLETED', '2024-03-10 08:34:47', 'Center call writer rather before subject pass forward.'),
                                                                                                           (22, 9, 514.43, 'USD', 'Retail', 'FAILED', '2025-06-17 00:44:21', 'Already today sister part pattern mind.'),
                                                                                                           (23, 10, 631.17, 'INR', 'Healthcare', 'COMPLETED', '2025-05-23 05:20:00', 'Face billion end check five ball smile.'),
                                                                                                           (24, 25, 387.8, 'EUR', 'Food', 'COMPLETED', '2025-05-17 11:02:47', 'Chance require help half win kid.'),
                                                                                                           (25, 36, 862.17, 'USD', 'Retail', 'COMPLETED', '2025-06-23 16:26:22', 'Beyond forget public.'),
                                                                                                           (26, 35, 753.37, 'INR', 'Utilities', 'COMPLETED', '2024-10-22 05:49:21', 'Hard body part debate drop morning appear reality.'),
                                                                                                           (27, 28, 166.58, 'USD', 'Utilities', 'FAILED', '2025-05-05 22:15:44', 'Source agent language as.'),
                                                                                                           (28, 49, 186.87, 'USD', 'Utilities', 'COMPLETED', '2024-09-17 01:37:51', 'Word ok happen less culture accept change.'),
                                                                                                           (29, 33, 612.88, 'USD', 'Utilities', 'COMPLETED', '2025-05-06 07:31:19', 'Weight rate politics western out.'),
                                                                                                           (30, 35, 953.96, 'INR', 'Retail', 'COMPLETED', '2024-07-10 08:31:13', 'Of indeed office create establish letter Mrs.'),
                                                                                                           (31, 32, 29.28, 'EUR', 'Utilities', 'COMPLETED', '2025-06-10 09:56:19', 'Drug amount person wide few.'),
                                                                                                           (32, 16, 879.23, 'USD', 'Retail', 'COMPLETED', '2024-03-15 21:26:22', 'Car word management manage economy central pass catch.'),
                                                                                                           (33, 5, 978.2, 'INR', 'Subscription', 'COMPLETED', '2024-09-23 21:56:42', 'Billion must trip.'),
                                                                                                           (34, 31, 947.38, 'USD', 'Utilities', 'COMPLETED', '2025-05-19 08:38:39', 'Subject owner call worry practice hear vote point.'),
                                                                                                           (35, 39, 428.91, 'USD', 'Food', 'COMPLETED', '2025-03-04 06:09:37', 'Bring recognize process character.'),
                                                                                                           (36, 45, 209.14, 'EUR', 'Healthcare', 'FAILED', '2024-10-15 18:23:50', 'Help technology resource suddenly ten.'),
                                                                                                           (37, 42, 379.69, 'INR', 'Healthcare', 'COMPLETED', '2025-07-27 18:30:40', 'Clearly whom apply quickly.'),
                                                                                                           (38, 15, 73.39, 'USD', 'Food', 'COMPLETED', '2025-03-04 02:31:44', 'Hot interest window party job past.'),
                                                                                                           (39, 38, 228.02, 'USD', 'Retail', 'COMPLETED', '2025-03-09 16:12:01', 'Reality pay something actually listen book.'),
                                                                                                           (40, 3, 861.04, 'USD', 'Food', 'COMPLETED', '2025-04-28 22:59:06', 'Perform art throw with accept really.'),
                                                                                                           (41, 43, 490.56, 'INR', 'Subscription', 'COMPLETED', '2025-06-15 09:49:35', 'Then turn entire level charge next see he.'),
                                                                                                           (42, 37, 580.45, 'USD', 'Healthcare', 'COMPLETED', '2024-08-12 18:19:20', 'Add effect call avoid.'),
                                                                                                           (43, 13, 103.38, 'INR', 'Healthcare', 'COMPLETED', '2025-07-16 21:45:08', 'Seem expect crime early peace require share seat.'),
                                                                                                           (44, 27, 472.35, 'INR', 'Retail', 'COMPLETED', '2025-05-11 23:32:09', 'Door PM side listen.'),
                                                                                                           (45, 42, 107.43, 'EUR', 'Utilities', 'COMPLETED', '2025-07-16 04:46:15', 'Seek three end doctor whom.'),
                                                                                                           (46, 7, 256.17, 'USD', 'Food', 'COMPLETED', '2025-06-21 13:07:12', 'Group win account treatment sort when.'),
                                                                                                           (47, 28, 191.65, 'EUR', 'Subscription', 'FAILED', '2025-01-18 19:40:45', 'Television east indicate.'),
                                                                                                           (48, 5, 448.7, 'INR', 'Retail', 'PENDING', '2025-02-23 03:54:30', 'Common prepare need civil executive.'),
                                                                                                           (49, 35, 837.67, 'USD', 'Subscription', 'COMPLETED', '2025-03-14 01:18:32', 'Century although physical main.'),
                                                                                                           (50, 32, 486.54, 'EUR', 'Retail', 'COMPLETED', '2025-06-23 23:41:53', 'Design account if network explain remain book.'),
                                                                                                           (51, 1, 985.46, 'EUR', 'Healthcare', 'COMPLETED', '2025-07-14 17:47:01', 'Federal window assume picture fund front economic contain.'),
                                                                                                           (52, 45, 957.74, 'INR', 'Healthcare', 'COMPLETED', '2025-04-07 15:15:51', 'Wind pass chance possible.'),
                                                                                                           (53, 19, 225.52, 'USD', 'Food', 'COMPLETED', '2025-06-24 05:23:58', 'Not green it usually a ball far American.'),
                                                                                                           (54, 4, 750.5, 'USD', 'Retail', 'COMPLETED', '2025-07-23 08:28:43', 'Tonight hear yes mother contain green seven benefit.'),
                                                                                                           (55, 33, 920.19, 'INR', 'Subscription', 'PENDING', '2025-07-12 12:06:03', 'Site serve court raise above goal.'),
                                                                                                           (56, 33, 89.31, 'USD', 'Retail', 'COMPLETED', '2025-06-07 02:23:37', 'Later number morning agency ready.'),
                                                                                                           (57, 44, 863.2, 'EUR', 'Retail', 'FAILED', '2025-07-26 15:25:05', 'Meeting administration leave attack south.'),
                                                                                                           (58, 37, 253.75, 'INR', 'Retail', 'COMPLETED', '2025-01-11 18:00:25', 'Themselves ask group eight various work.'),
                                                                                                           (59, 27, 660.8, 'INR', 'Food', 'COMPLETED', '2025-05-12 22:14:31', 'Instead body cold onto TV reflect treat.'),
                                                                                                           (60, 17, 212.22, 'INR', 'Utilities', 'COMPLETED', '2024-12-11 07:26:24', 'Travel town about.'),
                                                                                                           (61, 26, 139.57, 'INR', 'Utilities', 'COMPLETED', '2025-06-10 07:07:34', 'Finish them others decide.'),
                                                                                                           (62, 49, 936.38, 'USD', 'Healthcare', 'COMPLETED', '2025-02-08 20:04:51', 'Economy PM state beautiful guess.'),
                                                                                                           (63, 37, 996.14, 'USD', 'Food', 'COMPLETED', '2024-08-15 16:47:01', 'Parent simple rock over performance.'),
                                                                                                           (64, 17, 141.13, 'EUR', 'Retail', 'FAILED', '2024-08-30 02:21:43', 'Expect memory place billion sport.'),
                                                                                                           (65, 24, 292.14, 'EUR', 'Food', 'COMPLETED', '2025-07-30 13:20:35', 'Also mind name agency however lay.'),
                                                                                                           (66, 40, 984.01, 'INR', 'Food', 'PENDING', '2025-04-18 17:34:16', 'Start edge song huge effort economic recognize.'),
                                                                                                           (67, 36, 306.38, 'INR', 'Retail', 'FAILED', '2025-06-19 22:54:05', 'News relationship arrive individual employee how.'),
                                                                                                           (68, 9, 271.82, 'USD', 'Food', 'COMPLETED', '2025-06-16 00:29:28', 'Rest piece treatment employee.'),
                                                                                                           (69, 19, 608.78, 'INR', 'Utilities', 'COMPLETED', '2025-03-26 13:33:33', 'Brother expect service her follow.'),
                                                                                                           (70, 41, 854.38, 'INR', 'Healthcare', 'COMPLETED', '2024-05-02 00:32:16', 'Born government morning side edge city top.'),
                                                                                                           (71, 4, 101.38, 'EUR', 'Utilities', 'PENDING', '2025-07-27 19:29:05', 'Do think matter identify fire investment.'),
                                                                                                           (72, 22, 773.41, 'INR', 'Utilities', 'COMPLETED', '2024-08-27 15:27:39', 'Science store value reality agree around.'),
                                                                                                           (73, 29, 556.16, 'EUR', 'Food', 'PENDING', '2025-06-13 04:04:29', 'Effect speech any clearly.'),
                                                                                                           (74, 5, 945.6, 'INR', 'Subscription', 'COMPLETED', '2024-12-14 11:56:03', 'Common but their peace total couple.'),
                                                                                                           (75, 24, 586.68, 'USD', 'Healthcare', 'COMPLETED', '2025-04-26 01:54:29', 'Option happy wish expect herself institution.'),
                                                                                                           (76, 20, 371.01, 'USD', 'Utilities', 'COMPLETED', '2024-07-17 01:46:18', 'Moment thousand manage career.'),
                                                                                                           (77, 16, 670.26, 'EUR', 'Food', 'FAILED', '2025-03-24 01:06:36', 'Phone interesting recently writer expect manager.'),
                                                                                                           (78, 27, 974.1, 'INR', 'Subscription', 'FAILED', '2025-06-13 07:21:39', 'Seven final concern.'),
                                                                                                           (79, 16, 865.96, 'USD', 'Healthcare', 'PENDING', '2024-11-15 02:27:57', 'Medical sign ground major hour goal game.'),
                                                                                                           (80, 48, 925.24, 'EUR', 'Subscription', 'COMPLETED', '2025-06-11 22:40:13', 'Quality challenge administration start fund yet.'),
                                                                                                           (81, 45, 117.01, 'USD', 'Healthcare', 'COMPLETED', '2024-10-08 21:00:26', 'Mr free boy.'),
                                                                                                           (82, 30, 356.16, 'USD', 'Subscription', 'PENDING', '2025-04-28 13:54:01', 'Beautiful charge size TV.'),
                                                                                                           (83, 13, 404.48, 'EUR', 'Retail', 'FAILED', '2025-07-23 09:29:28', 'Pass contain whether sort.'),
                                                                                                           (84, 18, 357.63, 'INR', 'Healthcare', 'COMPLETED', '2024-09-28 18:03:10', 'Design movie large.'),
                                                                                                           (85, 35, 337.84, 'USD', 'Retail', 'FAILED', '2024-05-13 05:38:53', 'Ever political lose I what.'),
                                                                                                           (86, 17, 186.78, 'EUR', 'Retail', 'COMPLETED', '2024-09-22 09:48:47', 'Such specific somebody garden much east agency mention.'),
                                                                                                           (87, 28, 352.23, 'EUR', 'Healthcare', 'COMPLETED', '2025-01-17 00:52:00', 'Rather amount must half exactly else relationship.'),
                                                                                                           (88, 33, 124.49, 'INR', 'Subscription', 'COMPLETED', '2025-07-24 07:31:40', 'Less give a scientist past stage relationship.'),
                                                                                                           (89, 46, 441.7, 'INR', 'Food', 'COMPLETED', '2025-01-13 03:58:25', 'Fast none start none amount.'),
                                                                                                           (90, 48, 739.67, 'USD', 'Utilities', 'COMPLETED', '2025-04-30 06:13:43', 'Realize vote much piece visit.'),
                                                                                                           (91, 43, 921.56, 'INR', 'Utilities', 'COMPLETED', '2025-04-14 00:07:20', 'Their bill traditional analysis too actually according.'),
                                                                                                           (92, 8, 722.56, 'EUR', 'Food', 'COMPLETED', '2025-07-06 04:33:16', 'Energy prevent save minute anything.'),
                                                                                                           (93, 27, 332.92, 'INR', 'Utilities', 'COMPLETED', '2025-07-12 11:07:24', 'Million dark movie difficult new back product leg.'),
                                                                                                           (94, 13, 426.24, 'EUR', 'Subscription', 'COMPLETED', '2025-07-23 04:47:14', 'Up explain adult pick new.'),
                                                                                                           (95, 20, 412.01, 'USD', 'Utilities', 'COMPLETED', '2024-04-07 09:32:42', 'These individual and evening sister use vote.'),
                                                                                                           (96, 28, 787.9, 'INR', 'Utilities', 'COMPLETED', '2024-10-06 23:11:41', 'Development vote employee occur.'),
                                                                                                           (97, 29, 678.87, 'INR', 'Healthcare', 'COMPLETED', '2024-11-17 01:45:54', 'Employee standard measure action.'),
                                                                                                           (98, 48, 177.99, 'USD', 'Utilities', 'COMPLETED', '2025-02-15 23:12:11', 'Garden among TV goal.'),
                                                                                                           (99, 41, 623.07, 'USD', 'Subscription', 'COMPLETED', '2025-02-04 05:27:33', 'Late pull television together player exist.'),
                                                                                                           (100, 15, 808.5, 'USD', 'Retail', 'PENDING', '2025-02-17 17:29:48', 'Pay contain back special big time true.');

INSERT INTO transaction (id, customer_id, amount, currency, category, status, created_at, description) VALUES
                                                                                                           (101, 31, 615.16, 'USD', 'Healthcare', 'COMPLETED', '2024-12-26 09:14:54', 'Cultural large face party.'),
                                                                                                           (102, 41, 579.91, 'INR', 'Healthcare', 'COMPLETED', '2024-05-27 17:44:26', 'Yes movie common responsibility usually democratic.'),
                                                                                                           (103, 16, 156.1, 'INR', 'Retail', 'FAILED', '2024-10-02 05:10:15', 'Drug even individual determine director explain behavior.'),
                                                                                                           (104, 50, 886.61, 'EUR', 'Subscription', 'COMPLETED', '2024-12-31 06:47:45', 'Push when another else stock.'),
                                                                                                           (105, 45, 522.78, 'USD', 'Food', 'COMPLETED', '2024-10-02 04:05:23', 'For long than power.'),
                                                                                                           (106, 8, 461.9, 'EUR', 'Food', 'FAILED', '2025-05-16 02:33:07', 'Suffer man road read star left several.'),
                                                                                                           (107, 39, 324.12, 'EUR', 'Food', 'COMPLETED', '2025-03-30 05:51:46', 'Toward travel final ball maintain nature.'),
                                                                                                           (108, 33, 432.47, 'INR', 'Healthcare', 'FAILED', '2025-05-19 15:16:47', 'Center democratic baby course he off thing.'),
                                                                                                           (109, 48, 862.88, 'EUR', 'Utilities', 'COMPLETED', '2025-07-16 10:08:07', 'Maybe floor amount our.'),
                                                                                                           (110, 41, 284.54, 'INR', 'Healthcare', 'COMPLETED', '2025-07-31 10:42:49', 'Design across behavior want accept.'),
                                                                                                           (111, 18, 445.47, 'INR', 'Utilities', 'COMPLETED', '2025-05-29 11:27:37', 'Soon ago them present.'),
                                                                                                           (112, 22, 326.51, 'INR', 'Retail', 'COMPLETED', '2025-05-11 19:34:35', 'Often ask idea commercial account form today check.'),
                                                                                                           (113, 15, 389.2, 'USD', 'Subscription', 'PENDING', '2025-02-15 04:55:35', 'End loss each hand after.'),
                                                                                                           (114, 27, 337.57, 'EUR', 'Healthcare', 'PENDING', '2025-04-05 07:38:16', 'Pattern wish read board.'),
                                                                                                           (115, 27, 395.58, 'INR', 'Retail', 'FAILED', '2025-06-01 21:10:55', 'Foot teacher deep.'),
                                                                                                           (116, 49, 579.93, 'EUR', 'Retail', 'FAILED', '2024-07-16 08:24:29', 'Message arm card hear forget anyone order.'),
                                                                                                           (117, 20, 755.94, 'EUR', 'Food', 'COMPLETED', '2024-05-18 20:25:42', 'Room opportunity defense notice year well successful.'),
                                                                                                           (118, 35, 801.87, 'USD', 'Healthcare', 'COMPLETED', '2024-07-01 10:35:26', 'Be score wonder worker white two.'),
                                                                                                           (119, 28, 490.79, 'EUR', 'Utilities', 'COMPLETED', '2025-05-04 09:33:20', 'Boy religious plan word worry.'),
                                                                                                           (120, 26, 726.94, 'EUR', 'Subscription', 'FAILED', '2025-04-30 01:00:36', 'Finish common other buy.'),
                                                                                                           (121, 35, 36.7, 'EUR', 'Food', 'COMPLETED', '2025-04-23 06:36:33', 'Eat single suggest arrive.'),
                                                                                                           (122, 2, 93.11, 'EUR', 'Subscription', 'FAILED', '2025-04-07 22:11:56', 'Save need sister know magazine building wall.'),
                                                                                                           (123, 12, 59.78, 'EUR', 'Utilities', 'COMPLETED', '2025-06-24 09:29:13', 'Two range consumer throughout.'),
                                                                                                           (124, 21, 344.13, 'EUR', 'Utilities', 'COMPLETED', '2025-05-01 16:25:13', 'Course might season why next stand.'),
                                                                                                           (125, 27, 259.75, 'USD', 'Healthcare', 'PENDING', '2025-07-17 17:25:42', 'Too course available benefit create during effect.'),
                                                                                                           (126, 35, 61.56, 'EUR', 'Subscription', 'COMPLETED', '2025-03-11 10:40:10', 'Contain camera Mrs what win sport indicate always.'),
                                                                                                           (127, 50, 957.71, 'USD', 'Retail', 'FAILED', '2024-11-21 18:09:06', 'List real moment against machine base apply.'),
                                                                                                           (128, 13, 840.84, 'INR', 'Subscription', 'COMPLETED', '2025-07-06 16:10:44', 'Us hand expert choose consumer process.'),
                                                                                                           (129, 31, 672.76, 'INR', 'Subscription', 'COMPLETED', '2025-01-03 03:17:00', 'Be where rest available man call.'),
                                                                                                           (130, 17, 769.23, 'USD', 'Food', 'COMPLETED', '2025-04-12 11:18:20', 'Condition he the increase rich student out TV.'),
                                                                                                           (131, 48, 721.17, 'USD', 'Utilities', 'COMPLETED', '2025-05-09 14:21:41', 'Type grow person whole must central.'),
                                                                                                           (132, 2, 929.6, 'INR', 'Healthcare', 'COMPLETED', '2025-05-06 23:18:43', 'Yourself blood more author decide radio.'),
                                                                                                           (133, 46, 206.35, 'INR', 'Subscription', 'COMPLETED', '2025-01-30 15:11:33', 'Process kind former part live population beyond.'),
                                                                                                           (134, 50, 308.57, 'INR', 'Food', 'COMPLETED', '2025-01-15 05:36:35', 'Scene both eight stock executive cause recent.'),
                                                                                                           (135, 37, 784.81, 'EUR', 'Food', 'COMPLETED', '2025-02-14 15:17:59', 'Skill language focus move none respond situation able.'),
                                                                                                           (136, 24, 78.27, 'INR', 'Utilities', 'PENDING', '2025-04-15 04:03:35', 'Rise government whatever citizen business test.'),
                                                                                                           (137, 27, 824.11, 'USD', 'Healthcare', 'FAILED', '2025-03-26 16:55:26', 'Tonight administration watch five three western bring.'),
                                                                                                           (138, 41, 892.66, 'EUR', 'Subscription', 'COMPLETED', '2025-07-04 07:54:38', 'Way address alone check state.'),
                                                                                                           (139, 47, 526.53, 'INR', 'Utilities', 'COMPLETED', '2025-06-08 10:44:28', 'Give chair approach back these.'),
                                                                                                           (140, 35, 776.9, 'EUR', 'Healthcare', 'COMPLETED', '2025-07-23 19:21:37', 'Could modern push company.'),
                                                                                                           (141, 38, 275.71, 'USD', 'Retail', 'COMPLETED', '2024-08-25 14:01:49', 'Central skill stage member central toward then responsibility.'),
                                                                                                           (142, 29, 251.42, 'EUR', 'Food', 'COMPLETED', '2024-08-17 02:50:26', 'Necessary situation technology five politics face.'),
                                                                                                           (143, 25, 343.03, 'EUR', 'Utilities', 'COMPLETED', '2024-12-15 19:09:28', 'Message major visit civil simply rise.'),
                                                                                                           (144, 14, 361.28, 'EUR', 'Utilities', 'COMPLETED', '2025-06-08 08:30:49', 'Now could brother that all toward.'),
                                                                                                           (145, 39, 704.17, 'EUR', 'Food', 'PENDING', '2025-01-04 08:45:37', 'Management common care grow language.'),
                                                                                                           (146, 13, 94.76, 'INR', 'Healthcare', 'COMPLETED', '2025-07-29 16:33:29', 'Year music family cup up star skin.'),
                                                                                                           (147, 49, 247.92, 'EUR', 'Healthcare', 'COMPLETED', '2023-12-10 18:03:25', 'Always situation any question good contain set.'),
                                                                                                           (148, 2, 102.12, 'USD', 'Healthcare', 'COMPLETED', '2025-02-04 01:37:03', 'Let power follow toward require population.'),
                                                                                                           (149, 20, 667.32, 'EUR', 'Healthcare', 'COMPLETED', '2025-03-28 06:44:09', 'Grow choose road.'),
                                                                                                           (150, 23, 431.25, 'INR', 'Food', 'COMPLETED', '2024-08-23 18:42:34', 'Down little gas foot style stage.'),
                                                                                                           (151, 45, 459.21, 'EUR', 'Utilities', 'COMPLETED', '2025-02-03 15:19:00', 'Social discuss onto lead tonight fall picture throughout.'),
                                                                                                           (152, 47, 200.66, 'USD', 'Food', 'FAILED', '2024-09-30 00:26:03', 'Discuss region lot employee set lay under.'),
                                                                                                           (153, 45, 193.3, 'USD', 'Healthcare', 'COMPLETED', '2025-04-25 01:13:36', 'Central policy song white.'),
                                                                                                           (154, 38, 976.84, 'INR', 'Food', 'COMPLETED', '2024-11-23 17:19:14', 'Create increase stage federal.'),
                                                                                                           (155, 7, 834.3, 'EUR', 'Subscription', 'COMPLETED', '2025-03-18 22:21:30', 'Commercial bed hope range.'),
                                                                                                           (156, 20, 24.01, 'INR', 'Subscription', 'COMPLETED', '2025-07-31 02:19:58', 'We offer hard.'),
                                                                                                           (157, 4, 557.83, 'INR', 'Subscription', 'COMPLETED', '2025-07-10 20:22:15', 'Prove stand population.'),
                                                                                                           (158, 49, 495.97, 'USD', 'Food', 'COMPLETED', '2024-11-29 20:25:51', 'Boy officer current believe beat.'),
                                                                                                           (159, 31, 446.06, 'USD', 'Retail', 'COMPLETED', '2024-11-18 04:36:01', 'Pay with trial various reach born.'),
                                                                                                           (160, 31, 122.95, 'USD', 'Healthcare', 'COMPLETED', '2025-03-25 04:53:56', 'Quality soon behavior forward TV.'),
                                                                                                           (161, 37, 633.15, 'USD', 'Subscription', 'COMPLETED', '2025-04-14 03:19:53', 'Yard child star deep.'),
                                                                                                           (162, 37, 949.63, 'USD', 'Subscription', 'COMPLETED', '2025-07-20 00:24:44', 'Throughout great occur.'),
                                                                                                           (163, 49, 422.01, 'INR', 'Food', 'COMPLETED', '2023-11-11 05:22:47', 'Television history game daughter play spring tell.'),
                                                                                                           (164, 34, 386.57, 'EUR', 'Utilities', 'FAILED', '2025-06-27 13:58:55', 'Should or worker window fly.'),
                                                                                                           (165, 28, 312.33, 'INR', 'Retail', 'COMPLETED', '2024-12-12 09:35:41', 'Another right form account sing must government.'),
                                                                                                           (166, 48, 108.24, 'USD', 'Subscription', 'COMPLETED', '2025-02-18 14:07:44', 'Century high age maintain note lawyer.'),
                                                                                                           (167, 6, 165.49, 'USD', 'Food', 'PENDING', '2025-06-08 22:02:37', 'Agree deep however personal positive last.'),
                                                                                                           (168, 1, 414.43, 'INR', 'Food', 'COMPLETED', '2025-06-27 12:03:34', 'Evening himself sign growth.'),
                                                                                                           (169, 3, 239.16, 'INR', 'Utilities', 'COMPLETED', '2025-05-14 03:00:05', 'Set between agree every.'),
                                                                                                           (170, 30, 80.47, 'USD', 'Utilities', 'COMPLETED', '2025-07-06 13:31:38', 'After natural deal myself.'),
                                                                                                           (171, 41, 593.89, 'USD', 'Healthcare', 'COMPLETED', '2025-06-17 06:49:56', 'Floor these give read site with.'),
                                                                                                           (172, 15, 651.16, 'EUR', 'Subscription', 'PENDING', '2024-10-18 13:32:24', 'Nature activity number each run claim sea whether.'),
                                                                                                           (173, 11, 794.7, 'INR', 'Food', 'FAILED', '2024-09-13 21:09:44', 'Time once challenge response.'),
                                                                                                           (174, 29, 133.11, 'INR', 'Utilities', 'COMPLETED', '2024-11-09 19:29:59', 'Back because quickly gun hear finally both.'),
                                                                                                           (175, 18, 505.47, 'EUR', 'Healthcare', 'PENDING', '2024-06-06 14:39:00', 'Fund old city.'),
                                                                                                           (176, 3, 890.53, 'INR', 'Utilities', 'COMPLETED', '2025-05-04 13:16:24', 'Pay area heavy why.'),
                                                                                                           (177, 2, 100.41, 'INR', 'Food', 'COMPLETED', '2025-03-15 04:52:42', 'Soon happy for sell program serve.'),
                                                                                                           (178, 2, 999.58, 'INR', 'Utilities', 'COMPLETED', '2025-06-15 14:52:30', 'To here leg.'),
                                                                                                           (179, 49, 758.71, 'EUR', 'Food', 'COMPLETED', '2024-04-07 10:59:13', 'Whose field continue.'),
                                                                                                           (180, 18, 189.67, 'INR', 'Healthcare', 'COMPLETED', '2025-07-10 20:36:17', 'Brother professor debate tax traditional.'),
                                                                                                           (181, 32, 969.36, 'EUR', 'Utilities', 'COMPLETED', '2025-07-17 12:00:15', 'Lose relate reflect series.'),
                                                                                                           (182, 21, 673.43, 'USD', 'Utilities', 'COMPLETED', '2025-04-09 01:58:59', 'Me particular of.'),
                                                                                                           (183, 32, 295.34, 'EUR', 'Food', 'PENDING', '2025-07-22 08:34:13', 'Bar beat mind.'),
                                                                                                           (184, 6, 321.37, 'EUR', 'Retail', 'FAILED', '2025-06-14 00:30:11', 'Letter office party American popular though really.'),
                                                                                                           (185, 26, 866.26, 'USD', 'Food', 'COMPLETED', '2025-06-28 21:45:00', 'Win event support attorney day.'),
                                                                                                           (186, 4, 195.71, 'EUR', 'Food', 'COMPLETED', '2025-06-25 13:57:14', 'Open gun life then Mrs difficult.'),
                                                                                                           (187, 41, 447.62, 'USD', 'Subscription', 'COMPLETED', '2025-01-31 19:55:36', 'Health class wife mean.'),
                                                                                                           (188, 9, 928.4, 'EUR', 'Healthcare', 'COMPLETED', '2025-05-30 12:53:26', 'Interest Mrs positive central bill.'),
                                                                                                           (189, 41, 612.78, 'USD', 'Subscription', 'COMPLETED', '2024-11-06 20:11:25', 'Accept product drug respond thing together.'),
                                                                                                           (190, 1, 556.73, 'USD', 'Subscription', 'FAILED', '2025-07-22 17:14:27', 'Decide little history near probably not alone.'),
                                                                                                           (191, 8, 466.83, 'USD', 'Subscription', 'COMPLETED', '2025-02-11 20:10:25', 'Approach side member at provide manage.'),
                                                                                                           (192, 46, 298.94, 'INR', 'Utilities', 'COMPLETED', '2025-06-25 04:14:43', 'Type central process full study south.'),
                                                                                                           (193, 31, 980.44, 'USD', 'Healthcare', 'COMPLETED', '2024-12-30 15:00:26', 'Act sort plan around effort watch.'),
                                                                                                           (194, 25, 198.7, 'INR', 'Food', 'COMPLETED', '2024-10-15 07:34:26', 'Indicate visit child effort number situation.'),
                                                                                                           (195, 9, 865.39, 'EUR', 'Healthcare', 'COMPLETED', '2025-01-04 11:31:09', 'It perhaps computer finally character have total.'),
                                                                                                           (196, 33, 274.5, 'USD', 'Utilities', 'COMPLETED', '2025-05-31 01:44:28', 'Writer tonight above film nature cold.'),
                                                                                                           (197, 38, 584.12, 'INR', 'Healthcare', 'FAILED', '2024-05-06 12:12:15', 'Service rich break really wide card make.'),
                                                                                                           (198, 29, 543.19, 'EUR', 'Utilities', 'COMPLETED', '2025-04-08 03:59:13', 'Place need speak particular production.'),
                                                                                                           (199, 35, 383.44, 'EUR', 'Subscription', 'FAILED', '2025-05-02 14:06:17', 'Reach claim officer other.'),
                                                                                                           (200, 16, 576.08, 'USD', 'Healthcare', 'PENDING', '2025-07-05 03:55:57', 'Factor least throw agree choice now.');

INSERT INTO transaction (id, customer_id, amount, currency, category, status, created_at, description) VALUES
                                                                                                           (201, 48, 478.25, 'EUR', 'Healthcare', 'FAILED', '2025-04-30 16:49:25', 'Health week structure environmental under suggest.'),
                                                                                                           (202, 42, 981.01, 'EUR', 'Retail', 'COMPLETED', '2025-07-11 18:07:00', 'Trade say everything term direction week.'),
                                                                                                           (203, 38, 338.67, 'USD', 'Healthcare', 'PENDING', '2024-12-01 16:24:15', 'Great walk science economic.'),
                                                                                                           (204, 30, 25.19, 'USD', 'Healthcare', 'FAILED', '2025-04-16 20:45:30', 'Officer two certainly wind challenge live.'),
                                                                                                           (205, 10, 84.08, 'EUR', 'Utilities', 'COMPLETED', '2025-05-11 05:40:21', 'Bit contain inside begin.'),
                                                                                                           (206, 26, 653.34, 'EUR', 'Food', 'COMPLETED', '2025-03-14 22:58:12', 'Possible force simply.'),
                                                                                                           (207, 21, 630.53, 'EUR', 'Food', 'PENDING', '2025-02-08 19:56:58', 'Student six large week impact east.'),
                                                                                                           (208, 5, 242.42, 'INR', 'Utilities', 'FAILED', '2024-05-24 12:18:02', 'Tough list operation race magazine people material.'),
                                                                                                           (209, 48, 99.48, 'USD', 'Retail', 'COMPLETED', '2025-03-07 05:29:00', 'Majority of office force where two often.'),
                                                                                                           (210, 45, 306.47, 'USD', 'Retail', 'COMPLETED', '2024-11-06 16:39:12', 'Attention leader individual truth area sort.'),
                                                                                                           (211, 4, 300.43, 'EUR', 'Healthcare', 'COMPLETED', '2025-07-14 21:32:03', 'Someone character enough although yourself education another.'),
                                                                                                           (212, 34, 417.93, 'INR', 'Subscription', 'COMPLETED', '2025-07-04 14:44:40', 'Crime financial their.'),
                                                                                                           (213, 6, 613.4, 'EUR', 'Food', 'COMPLETED', '2025-02-02 02:56:54', 'Why member attention project task picture.'),
                                                                                                           (214, 32, 913.7, 'USD', 'Subscription', 'COMPLETED', '2025-07-09 22:27:02', 'Score nation deal by show.'),
                                                                                                           (215, 17, 464.97, 'INR', 'Retail', 'FAILED', '2024-12-26 17:28:29', 'Half read like investment each suddenly with.'),
                                                                                                           (216, 30, 902.2, 'INR', 'Food', 'COMPLETED', '2025-06-17 12:11:28', 'Board tax respond.'),
                                                                                                           (217, 29, 945.78, 'INR', 'Utilities', 'COMPLETED', '2024-07-09 14:43:24', 'Whose stay road food.'),
                                                                                                           (218, 28, 693.41, 'EUR', 'Utilities', 'COMPLETED', '2024-11-08 00:45:15', 'Coach forward look.'),
                                                                                                           (219, 25, 854.8, 'USD', 'Subscription', 'COMPLETED', '2024-12-21 01:35:16', 'Partner small writer.'),
                                                                                                           (220, 23, 579.06, 'INR', 'Utilities', 'PENDING', '2024-05-26 15:07:22', 'Popular shake food top that toward treat.'),
                                                                                                           (221, 43, 401.85, 'USD', 'Food', 'FAILED', '2025-05-12 20:41:43', 'Girl bill head voice who.'),
                                                                                                           (222, 50, 747.22, 'USD', 'Food', 'COMPLETED', '2024-06-06 17:06:06', 'Lay lawyer newspaper increase officer.'),
                                                                                                           (223, 19, 777.98, 'USD', 'Food', 'COMPLETED', '2025-04-28 16:08:17', 'Food wrong wife deep argue.'),
                                                                                                           (224, 15, 640.25, 'INR', 'Utilities', 'COMPLETED', '2024-08-19 17:12:40', 'Laugh senior American citizen actually.'),
                                                                                                           (225, 47, 769.8, 'INR', 'Subscription', 'COMPLETED', '2025-02-10 20:29:55', 'Weight tell there thousand hospital option.'),
                                                                                                           (226, 41, 649.88, 'EUR', 'Healthcare', 'PENDING', '2024-11-24 15:32:11', 'Congress president stuff allow four.'),
                                                                                                           (227, 24, 735.04, 'USD', 'Utilities', 'COMPLETED', '2025-07-19 10:11:08', 'Middle consider expect.'),
                                                                                                           (228, 27, 183.88, 'USD', 'Food', 'FAILED', '2025-04-12 06:10:37', 'Explain here assume material.'),
                                                                                                           (229, 24, 535.54, 'EUR', 'Subscription', 'COMPLETED', '2025-04-16 04:33:51', 'Dream most finally main.'),
                                                                                                           (230, 31, 967.71, 'EUR', 'Utilities', 'COMPLETED', '2025-05-05 15:32:58', 'Financial tough beat.'),
                                                                                                           (231, 30, 963.26, 'USD', 'Subscription', 'FAILED', '2025-06-14 20:13:40', 'Most common life effect imagine next far you.'),
                                                                                                           (232, 47, 677.66, 'EUR', 'Food', 'COMPLETED', '2025-01-29 09:01:33', 'Agent and word weight tough store.'),
                                                                                                           (233, 26, 23.78, 'INR', 'Retail', 'COMPLETED', '2025-06-16 09:28:56', 'None house dinner whatever reduce consider.'),
                                                                                                           (234, 44, 751.52, 'EUR', 'Food', 'COMPLETED', '2025-04-03 02:41:35', 'Thought represent claim.'),
                                                                                                           (235, 41, 940.89, 'USD', 'Subscription', 'COMPLETED', '2025-03-10 19:58:39', 'Month technology win its turn oil charge data.'),
                                                                                                           (236, 40, 885.39, 'INR', 'Utilities', 'FAILED', '2025-06-26 11:13:01', 'Most girl positive continue.'),
                                                                                                           (237, 15, 651.18, 'INR', 'Healthcare', 'FAILED', '2024-11-15 03:12:37', 'Stay until tend technology.'),
                                                                                                           (238, 20, 652.75, 'USD', 'Subscription', 'PENDING', '2025-04-18 01:43:33', 'Avoid decade thank wrong.'),
                                                                                                           (239, 3, 311.32, 'EUR', 'Retail', 'PENDING', '2025-06-19 08:25:02', 'Economy situation thing chair.'),
                                                                                                           (240, 35, 144.31, 'EUR', 'Utilities', 'COMPLETED', '2025-02-21 17:43:18', 'Picture hospital sell.'),
                                                                                                           (241, 48, 699.52, 'INR', 'Healthcare', 'COMPLETED', '2025-05-26 07:09:39', 'Daughter stock movie sound.'),
                                                                                                           (242, 47, 162.98, 'EUR', 'Retail', 'COMPLETED', '2024-11-28 21:43:12', 'Few someone recent cup design green seven.'),
                                                                                                           (243, 40, 414.03, 'EUR', 'Retail', 'COMPLETED', '2025-05-04 23:09:40', 'Forward heavy production take board.'),
                                                                                                           (244, 14, 448.95, 'USD', 'Utilities', 'PENDING', '2025-05-21 18:53:53', 'Note nice house front.'),
                                                                                                           (245, 44, 373.66, 'INR', 'Utilities', 'PENDING', '2025-07-01 13:35:49', 'Field model Mrs list attention they consider.'),
                                                                                                           (246, 18, 197.91, 'USD', 'Healthcare', 'PENDING', '2025-01-10 08:21:35', 'Address air stand challenge.'),
                                                                                                           (247, 14, 645.29, 'INR', 'Retail', 'PENDING', '2025-02-26 02:27:04', 'Need material this market key.'),
                                                                                                           (248, 22, 251.13, 'USD', 'Food', 'COMPLETED', '2024-12-19 03:37:31', 'Provide certain possible hour religious claim.'),
                                                                                                           (249, 49, 558.67, 'INR', 'Subscription', 'COMPLETED', '2024-10-15 04:32:55', 'About guy production.'),
                                                                                                           (250, 15, 335.27, 'USD', 'Food', 'PENDING', '2024-09-17 22:41:24', 'Course investment employee third.'),
                                                                                                           (251, 10, 987.65, 'INR', 'Utilities', 'COMPLETED', '2025-04-30 15:47:45', 'Stage green fight truth every conference population.'),
                                                                                                           (252, 8, 664.45, 'USD', 'Subscription', 'PENDING', '2025-02-17 15:13:03', 'Mean real agreement work.'),
                                                                                                           (253, 16, 592.96, 'USD', 'Subscription', 'COMPLETED', '2024-10-13 16:42:41', 'Idea be share tend time produce.'),
                                                                                                           (254, 9, 744.3, 'INR', 'Retail', 'COMPLETED', '2025-02-26 14:57:43', 'A on huge surface score.'),
                                                                                                           (255, 31, 453.79, 'EUR', 'Food', 'COMPLETED', '2024-11-15 23:39:57', 'Although cost technology live.'),
                                                                                                           (256, 29, 508.8, 'INR', 'Retail', 'COMPLETED', '2024-08-22 10:03:32', 'Type certainly deal arm.'),
                                                                                                           (257, 43, 526.24, 'EUR', 'Retail', 'PENDING', '2025-07-29 09:44:17', 'When provide try.'),
                                                                                                           (258, 31, 848.83, 'EUR', 'Retail', 'COMPLETED', '2025-06-24 00:47:09', 'Whole network operation at reach.'),
                                                                                                           (259, 29, 82.76, 'USD', 'Utilities', 'COMPLETED', '2024-08-16 12:26:26', 'Rock sure beat.'),
                                                                                                           (260, 5, 134.93, 'INR', 'Food', 'COMPLETED', '2024-05-04 13:21:15', 'Fight lay fire determine base.'),
                                                                                                           (261, 21, 387.1, 'INR', 'Food', 'COMPLETED', '2025-01-15 19:31:10', 'Result himself risk specific possible notice.'),
                                                                                                           (262, 33, 609.37, 'USD', 'Retail', 'FAILED', '2025-07-25 03:52:01', 'Leader the popular gun.'),
                                                                                                           (263, 42, 878.93, 'INR', 'Subscription', 'COMPLETED', '2025-05-22 23:12:13', 'View card world radio training discuss.'),
                                                                                                           (264, 15, 419.68, 'EUR', 'Healthcare', 'COMPLETED', '2025-05-25 04:04:26', 'Strategy say any major.'),
                                                                                                           (265, 7, 319.42, 'EUR', 'Utilities', 'COMPLETED', '2024-12-29 02:22:19', 'Technology TV bank build leave product court ahead.'),
                                                                                                           (266, 10, 689.95, 'EUR', 'Retail', 'PENDING', '2025-07-10 14:53:17', 'Friend inside a maybe.'),
                                                                                                           (267, 6, 102.3, 'USD', 'Utilities', 'COMPLETED', '2025-03-13 06:11:42', 'Respond light catch land reach.'),
                                                                                                           (268, 36, 69.38, 'INR', 'Food', 'COMPLETED', '2025-07-18 23:29:04', 'Claim show court actually.'),
                                                                                                           (269, 8, 416.7, 'INR', 'Healthcare', 'FAILED', '2025-06-17 04:19:27', 'West admit onto attention matter peace.'),
                                                                                                           (270, 47, 60.93, 'EUR', 'Food', 'COMPLETED', '2025-06-06 18:55:09', 'Late local century building executive.'),
                                                                                                           (271, 7, 582.14, 'USD', 'Subscription', 'COMPLETED', '2025-04-27 22:55:22', 'Say my identify hotel six.'),
                                                                                                           (272, 15, 848.8, 'EUR', 'Food', 'COMPLETED', '2024-10-19 12:48:01', 'Choose method next.'),
                                                                                                           (273, 49, 285.78, 'USD', 'Healthcare', 'COMPLETED', '2024-10-26 02:33:09', 'Condition after hotel kind her majority discuss.'),
                                                                                                           (274, 50, 820.24, 'INR', 'Food', 'PENDING', '2025-03-27 05:39:14', 'Something wall hot final.'),
                                                                                                           (275, 43, 831.17, 'EUR', 'Retail', 'COMPLETED', '2025-05-25 21:33:08', 'Someone spring example oil much political green across.'),
                                                                                                           (276, 45, 764.79, 'EUR', 'Utilities', 'PENDING', '2025-04-15 07:14:00', 'Morning notice I shoulder.'),
                                                                                                           (277, 10, 570.66, 'EUR', 'Retail', 'COMPLETED', '2025-06-26 04:44:19', 'Traditional foreign spend much guess.'),
                                                                                                           (278, 41, 972.09, 'USD', 'Food', 'COMPLETED', '2025-03-04 05:21:20', 'Push eat away provide decision image who.'),
                                                                                                           (279, 27, 459.11, 'USD', 'Utilities', 'COMPLETED', '2025-04-20 19:10:56', 'Price but business personal staff lawyer.'),
                                                                                                           (280, 21, 779.07, 'INR', 'Food', 'PENDING', '2025-02-15 16:44:07', 'Cost rate country.'),
                                                                                                           (281, 4, 164.02, 'INR', 'Retail', 'COMPLETED', '2025-07-09 16:37:54', 'Change practice officer official senior.'),
                                                                                                           (282, 18, 448.68, 'EUR', 'Healthcare', 'COMPLETED', '2024-09-11 02:52:38', 'Claim all you.'),
                                                                                                           (283, 27, 280.44, 'INR', 'Retail', 'COMPLETED', '2025-04-23 17:20:50', 'Soon near as campaign try family talk.'),
                                                                                                           (284, 8, 290.41, 'INR', 'Food', 'COMPLETED', '2025-06-03 09:03:59', 'Upon fund course reveal bar trade.'),
                                                                                                           (285, 43, 315.34, 'USD', 'Healthcare', 'FAILED', '2025-04-12 18:54:19', 'Claim people remember political allow fly.'),
                                                                                                           (286, 4, 17.61, 'EUR', 'Subscription', 'COMPLETED', '2025-06-28 03:40:30', 'Whether court because final sound manager.'),
                                                                                                           (287, 49, 262.96, 'EUR', 'Retail', 'PENDING', '2025-03-30 04:37:39', 'Treatment defense describe outside director particularly decade expert.'),
                                                                                                           (288, 48, 436.35, 'USD', 'Healthcare', 'COMPLETED', '2025-02-03 16:25:14', 'Write beat special realize.'),
                                                                                                           (289, 15, 505.26, 'INR', 'Utilities', 'PENDING', '2024-12-16 07:48:03', 'Produce dark career situation would provide author worry.'),
                                                                                                           (290, 48, 51.88, 'USD', 'Healthcare', 'FAILED', '2025-06-22 17:09:39', 'Time movie society yard our single agency.'),
                                                                                                           (291, 21, 580.0, 'INR', 'Healthcare', 'COMPLETED', '2024-11-28 07:29:32', 'Agent newspaper daughter choice possible wind.'),
                                                                                                           (292, 27, 296.62, 'EUR', 'Retail', 'FAILED', '2025-03-29 18:16:09', 'Modern still real any.'),
                                                                                                           (293, 11, 803.31, 'INR', 'Healthcare', 'COMPLETED', '2025-05-04 09:51:43', 'Hope last job impact already mother financial check.'),
                                                                                                           (294, 24, 97.25, 'USD', 'Subscription', 'COMPLETED', '2025-07-18 20:07:31', 'Wrong serious speak life miss.'),
                                                                                                           (295, 26, 528.72, 'EUR', 'Utilities', 'COMPLETED', '2025-03-12 14:09:48', 'Off as arrive keep claim.'),
                                                                                                           (296, 15, 339.74, 'USD', 'Retail', 'COMPLETED', '2024-08-07 17:54:26', 'But pressure dog style protect use.'),
                                                                                                           (297, 8, 535.3, 'USD', 'Utilities', 'COMPLETED', '2025-01-22 23:10:43', 'Power out billion push question.'),
                                                                                                           (298, 42, 816.89, 'USD', 'Retail', 'COMPLETED', '2025-01-26 14:45:10', 'Watch event hundred will wait various decade act.'),
                                                                                                           (299, 13, 181.76, 'USD', 'Retail', 'COMPLETED', '2025-07-15 03:17:34', 'Drop rest add up.'),
                                                                                                           (300, 50, 631.67, 'EUR', 'Food', 'COMPLETED', '2024-08-30 19:20:00', 'Save fall board hundred customer.');

COMMIT;

START TRANSACTION;
INSERT INTO payment (id, transaction_id, method, status, reference_id, processed_at) VALUES
                                                                                         (1, 1, 'NetBanking', 'FAILED', '52ce76a3-4207-494c-b11e-4126209d864a', '2025-05-06 05:44:41'),
                                                                                         (2, 2, 'NetBanking', 'SUCCESS', '2e93e9fd-35f9-4c98-ab54-311eb97caf27', '2025-05-28 05:51:07'),
                                                                                         (3, 3, 'Wallet', 'SUCCESS', '28f918c1-458b-4397-9440-85efd94c49a5', '2025-06-05 16:15:42'),
                                                                                         (4, 4, 'NetBanking', 'SUCCESS', 'e8a3ecba-a27c-4b90-9ffe-286665ac2675', '2025-02-24 16:00:34'),
                                                                                         (5, 5, 'CreditCard', 'SUCCESS', '7e810866-6c8c-4139-b7e1-e90182dc1256', '2024-07-04 22:08:52'),
                                                                                         (6, 6, 'CreditCard', 'INITIATED', 'f5302297-4516-479a-a9a0-0b52411003ed', '2024-07-31 19:27:39'),
                                                                                         (7, 7, 'NetBanking', 'INITIATED', 'dd822d81-9af8-4d17-9592-1a1d281f50ea', '2025-06-29 18:21:20'),
                                                                                         (8, 8, 'CreditCard', 'SUCCESS', '19e3bd24-d828-4a46-b40d-057674478024', '2025-06-11 11:50:08'),
                                                                                         (9, 9, 'Wallet', 'SUCCESS', '0094fba9-78fa-4798-ba48-d321307d4c5d', '2024-10-10 21:22:02'),
                                                                                         (10, 10, 'CreditCard', 'SUCCESS', '6e127258-944d-48ae-80f3-240ffb8b815f', '2025-03-29 13:40:31'),
                                                                                         (11, 11, 'UPI', 'SUCCESS', '4d6fc203-ebbb-4ded-8e37-66c58edd5a04', '2025-02-22 03:04:44'),
                                                                                         (12, 12, 'UPI', 'FAILED', 'e46e0d21-6097-443e-adef-f14b8da95c4d', '2025-04-26 02:02:17'),
                                                                                         (13, 13, 'CreditCard', 'SUCCESS', 'ec824975-fe28-4392-8a0b-ba23cbc0f1e4', '2025-06-14 22:47:49'),
                                                                                         (14, 14, 'NetBanking', 'FAILED', '911a2d94-dd54-4337-b522-7e247a60e6d8', '2024-11-27 10:15:33'),
                                                                                         (15, 15, 'UPI', 'INITIATED', '2d55df37-0eb4-40ca-9438-2b0b0d09cd47', '2024-10-05 00:45:12'),
                                                                                         (16, 16, 'Wallet', 'FAILED', 'e063d801-5ce5-4dcc-9a94-bb2cf0506cf3', '2024-12-30 14:33:19'),
                                                                                         (17, 17, 'UPI', 'SUCCESS', '048db51d-0b35-42b6-ae14-7458e36ca88e', '2024-12-14 03:41:38'),
                                                                                         (18, 18, 'NetBanking', 'SUCCESS', 'a67b46e7-53ae-4bbc-a7e3-672a70e084b5', '2025-03-31 13:58:21'),
                                                                                         (19, 19, 'NetBanking', 'SUCCESS', '7fb27fac-5525-4f33-952d-d5850c1a56f2', '2025-07-03 16:36:31'),
                                                                                         (20, 20, 'NetBanking', 'INITIATED', '6599be76-1c0b-4830-b119-cc50dd5f8980', '2025-06-18 14:07:49'),
                                                                                         (21, 21, 'Wallet', 'SUCCESS', '3e6289b7-4440-4a11-bd30-801c85ffd866', '2024-03-10 08:47:47'),
                                                                                         (22, 22, 'UPI', 'SUCCESS', 'fb7800f1-32fd-4d8b-a8e6-9d6903817b2b', '2025-06-17 02:17:21'),
                                                                                         (23, 23, 'UPI', 'FAILED', 'f9ad1a3a-7de3-4761-82d3-e4ab1a453d98', '2025-05-23 06:35:00'),
                                                                                         (24, 24, 'Wallet', 'SUCCESS', 'ea33526b-4f47-434a-b360-5996cf47d70b', '2025-05-17 11:42:47'),
                                                                                         (25, 25, 'CreditCard', 'SUCCESS', '6b420a8a-4d29-4af1-a99a-c9da5f123aab', '2025-06-23 17:57:22'),
                                                                                         (26, 26, 'NetBanking', 'SUCCESS', '421753fe-8577-44d4-9e76-3ba0f0ce1928', '2024-10-22 06:38:21'),
                                                                                         (27, 27, 'CreditCard', 'SUCCESS', '64cd37b4-f1e5-499f-95bc-8aa9c1e361ea', '2025-05-05 23:41:44'),
                                                                                         (28, 28, 'NetBanking', 'INITIATED', '95af8d6e-eeb1-4a94-9e4d-10386053df59', '2024-09-17 02:32:51'),
                                                                                         (29, 29, 'UPI', 'FAILED', '0c271e7c-581a-4bd6-8f5f-9beae3a9fb12', '2025-05-06 08:11:19'),
                                                                                         (30, 30, 'Wallet', 'SUCCESS', '6ca7f598-cf96-439c-8456-63d48f4d6a0f', '2024-07-10 09:15:13'),
                                                                                         (31, 31, 'UPI', 'INITIATED', '287021af-b1c2-4701-8246-d0f67dc23f6d', '2025-06-10 10:14:19'),
                                                                                         (32, 32, 'CreditCard', 'SUCCESS', 'db70ada2-dd64-42b1-9a65-bfced1aa400e', '2024-03-15 23:15:22'),
                                                                                         (33, 33, 'CreditCard', 'SUCCESS', '5a7391eb-432e-44d8-8dc2-d6f0a17d1155', '2024-09-23 23:06:42'),
                                                                                         (34, 34, 'UPI', 'SUCCESS', '356876d2-a471-452e-bf6b-4476e0cfa21b', '2025-05-19 10:31:39'),
                                                                                         (35, 35, 'UPI', 'SUCCESS', '912258e8-7ff2-427d-a88f-51454f7ebc2a', '2025-03-04 06:29:37'),
                                                                                         (36, 36, 'UPI', 'SUCCESS', '15d754e4-2d03-4af5-978c-0dc2a900f3ea', '2024-10-15 19:52:50'),
                                                                                         (37, 37, 'Wallet', 'SUCCESS', '60304357-cae7-47f5-982b-cde82f74b0f7', '2025-07-27 18:36:40'),
                                                                                         (38, 38, 'UPI', 'FAILED', 'daba30a6-b83e-4a80-ae99-dad9066f1189', '2025-03-04 04:04:44'),
                                                                                         (39, 39, 'NetBanking', 'SUCCESS', 'a7701131-7ba4-41cb-a3ea-703112c9329f', '2025-03-09 17:31:01'),
                                                                                         (40, 40, 'Wallet', 'SUCCESS', '48088957-30c5-4ce7-b466-28a334aeae60', '2025-04-29 00:40:06'),
                                                                                         (41, 41, 'NetBanking', 'FAILED', '5f9f2178-7bd8-41db-b2da-beba09913445', '2025-06-15 10:20:35'),
                                                                                         (42, 42, 'Wallet', 'FAILED', '4596df28-530c-4f01-a02d-13981b9d08b1', '2024-08-12 20:00:20'),
                                                                                         (43, 43, 'NetBanking', 'SUCCESS', '75042fe3-3c1b-4940-b74c-ea55d27b39a7', '2025-07-16 22:10:08'),
                                                                                         (44, 44, 'Wallet', 'SUCCESS', '208bbeb2-8f00-4ed7-9120-4d94419848c9', '2025-05-12 00:46:09'),
                                                                                         (45, 45, 'Wallet', 'SUCCESS', 'de1f23a3-7cb7-4ba1-b392-662fb1f62806', '2025-07-16 05:23:15'),
                                                                                         (46, 46, 'UPI', 'SUCCESS', '3c1792ec-3589-4cb8-97c3-78a961490cc5', '2025-06-21 14:01:12'),
                                                                                         (47, 47, 'UPI', 'FAILED', '45d10c14-9304-4a02-bbe2-0a0f944ebd93', '2025-01-18 21:23:45'),
                                                                                         (48, 48, 'Wallet', 'FAILED', 'd1a87633-764e-43de-bce4-fccd6ed1a55c', '2025-02-23 04:01:30'),
                                                                                         (49, 49, 'CreditCard', 'SUCCESS', '62945db1-fe7e-49d4-86f3-bda27e0069f8', '2025-03-14 02:29:32'),
                                                                                         (50, 50, 'CreditCard', 'SUCCESS', '1eeef9ff-f8e6-47a2-9194-dc592529e927', '2025-06-24 00:48:53'),
                                                                                         (51, 51, 'UPI', 'SUCCESS', 'cd3d2b5f-7c23-4c02-af0c-e5f11f65fd05', '2025-07-14 19:25:01'),
                                                                                         (52, 52, 'UPI', 'SUCCESS', 'ac8d8890-b3d2-45bb-ab97-21d8d94886a5', '2025-04-07 17:11:51'),
                                                                                         (53, 53, 'UPI', 'SUCCESS', '80b0a615-5b84-46fb-9b00-7caeee9c6893', '2025-06-24 05:35:58'),
                                                                                         (54, 54, 'NetBanking', 'FAILED', '87b0cf84-656a-4f00-9c1b-5dbbb00605ed', '2025-07-23 10:22:43'),
                                                                                         (55, 55, 'CreditCard', 'SUCCESS', '7f6a1721-ef6e-45e6-a0f1-c39bc184ac53', '2025-07-12 13:00:03'),
                                                                                         (56, 56, 'UPI', 'SUCCESS', '3977d43a-2862-4bf6-a3fc-e28c1abf3373', '2025-06-07 03:11:37'),
                                                                                         (57, 57, 'NetBanking', 'SUCCESS', '7fb3a8fb-fd4e-4afa-9b08-15c4f1191c00', '2025-07-26 15:36:05'),
                                                                                         (58, 58, 'CreditCard', 'SUCCESS', 'a81d595a-cf61-4459-a758-f341dadf6739', '2025-01-11 18:41:25'),
                                                                                         (59, 59, 'NetBanking', 'SUCCESS', '2697b690-3f4e-478c-b99d-92a4f3bb881a', '2025-05-12 23:38:31'),
                                                                                         (60, 60, 'CreditCard', 'SUCCESS', '08f74a9c-0707-4c21-a420-d8867c49d988', '2024-12-11 07:44:24'),
                                                                                         (61, 61, 'Wallet', 'SUCCESS', 'e0ca87df-8cd8-4106-b869-6ce7980e9b74', '2025-06-10 08:54:34'),
                                                                                         (62, 62, 'Wallet', 'SUCCESS', '938912fb-4e1e-469a-8ddb-0008cca1fc93', '2025-02-08 20:22:51'),
                                                                                         (63, 63, 'CreditCard', 'INITIATED', 'aca25233-c97d-4619-ba39-b0330a33b0ba', '2024-08-15 16:48:01'),
                                                                                         (64, 64, 'UPI', 'SUCCESS', '7cefe715-68e9-4e1f-af28-d34be774099b', '2024-08-30 02:49:43'),
                                                                                         (65, 65, 'Wallet', 'SUCCESS', 'fb61b0da-7444-4972-a9bf-fc03bb7b514a', '2025-07-30 14:54:35'),
                                                                                         (66, 66, 'UPI', 'SUCCESS', '550bb95d-5aa6-49dc-8569-6aedf4d01fa0', '2025-04-18 18:11:16'),
                                                                                         (67, 67, 'UPI', 'SUCCESS', '04d7457b-49c4-4f26-9db6-fda711746f38', '2025-06-19 23:01:05'),
                                                                                         (68, 68, 'Wallet', 'INITIATED', 'a1808e99-4d75-4a31-ba88-2056514d611c', '2025-06-16 02:11:28'),
                                                                                         (69, 69, 'Wallet', 'SUCCESS', '44c4c868-a32e-406a-bc1d-9077e9d92500', '2025-03-26 15:21:33'),
                                                                                         (70, 70, 'UPI', 'SUCCESS', 'fd698438-ce6d-4b07-a013-e1b13feb3a69', '2024-05-02 00:35:16'),
                                                                                         (71, 71, 'Wallet', 'INITIATED', '654f42cd-4c6a-425a-98ee-85fb685a427c', '2025-07-27 20:07:05'),
                                                                                         (72, 72, 'UPI', 'SUCCESS', '7affa6ab-7d8b-4bca-8780-35d756a3e46d', '2024-08-27 16:13:39'),
                                                                                         (73, 73, 'CreditCard', 'SUCCESS', '726fe52b-9745-4781-b638-c04b69869da0', '2025-06-13 04:28:29'),
                                                                                         (74, 74, 'CreditCard', 'FAILED', '943ff8fe-bc9d-4cc6-8c9a-e95b82bb1c1b', '2024-12-14 12:43:03'),
                                                                                         (75, 75, 'CreditCard', 'SUCCESS', '7f9baa06-bd07-4d4c-96eb-e63b2c9b0102', '2025-04-26 03:04:29'),
                                                                                         (76, 76, 'CreditCard', 'SUCCESS', '12c10272-dedc-4a0d-862e-99fba3e84577', '2024-07-17 02:47:18'),
                                                                                         (77, 77, 'NetBanking', 'SUCCESS', '82aa88b6-a2f5-44fb-8666-6ff4d362ad3e', '2025-03-24 01:54:36'),
                                                                                         (78, 78, 'CreditCard', 'SUCCESS', '74376c8b-128c-41c0-b95b-42909c2a8568', '2025-06-13 08:07:39'),
                                                                                         (79, 79, 'CreditCard', 'SUCCESS', '6cc9ebe4-79ee-48c1-9c24-399890ff3de6', '2024-11-15 04:01:57'),
                                                                                         (80, 80, 'NetBanking', 'SUCCESS', '118f96dd-0801-479d-a4ea-b3b127a5f2c7', '2025-06-12 00:15:13'),
                                                                                         (81, 81, 'NetBanking', 'SUCCESS', '003dbe00-4ef9-496e-a5f6-4e5b149ccfed', '2024-10-08 21:46:26'),
                                                                                         (82, 82, 'Wallet', 'FAILED', 'e403884a-2960-4f6b-8a38-e30845e5d983', '2025-04-28 14:17:01'),
                                                                                         (83, 83, 'UPI', 'SUCCESS', 'cb508945-f4f9-4aa8-b9e0-9ff17a9c5ff8', '2025-07-23 10:31:28'),
                                                                                         (84, 84, 'Wallet', 'INITIATED', '3ff0e02a-8b46-4fa4-a287-344b66bf4d2e', '2024-09-28 18:12:10'),
                                                                                         (85, 85, 'CreditCard', 'SUCCESS', '821c14e2-5164-4d99-8fff-3a9d47f931e0', '2024-05-13 06:04:53'),
                                                                                         (86, 86, 'CreditCard', 'SUCCESS', 'e425a3dc-530a-42cb-a716-4153d6f42d34', '2024-09-22 11:42:47'),
                                                                                         (87, 87, 'Wallet', 'FAILED', 'b363e797-0610-4d8a-ae76-060a3591fba3', '2025-01-17 01:32:00'),
                                                                                         (88, 88, 'Wallet', 'SUCCESS', 'b4d079c3-60d8-42ae-84b1-51db5fe5c14e', '2025-07-24 08:41:40'),
                                                                                         (89, 89, 'UPI', 'SUCCESS', 'e6d3e50b-fe30-46a1-a046-c4fcef49bdc6', '2025-01-13 05:35:25'),
                                                                                         (90, 90, 'CreditCard', 'FAILED', '2f349627-da06-431c-9ce2-79dea9d39766', '2025-04-30 08:04:43'),
                                                                                         (91, 91, 'NetBanking', 'SUCCESS', '9eed5775-cae2-44d9-9a4c-fcb818830762', '2025-04-14 00:50:20'),
                                                                                         (92, 92, 'Wallet', 'FAILED', '368fcb22-8db2-4347-ab85-77f50a5a552b', '2025-07-06 05:21:16'),
                                                                                         (93, 93, 'Wallet', 'FAILED', '2c9d4c53-d505-434b-8c8a-a2b96fabb86d', '2025-07-12 12:43:24'),
                                                                                         (94, 94, 'NetBanking', 'FAILED', 'b786d2bc-fac7-4654-8d8d-0b5b27b2da2c', '2025-07-23 05:37:14'),
                                                                                         (95, 95, 'Wallet', 'SUCCESS', 'af6c7bde-54f5-4402-afae-c873e103c348', '2024-04-07 10:36:42'),
                                                                                         (96, 96, 'NetBanking', 'SUCCESS', '3840cc3b-5632-45d8-876f-d99e3e2ea109', '2024-10-07 00:54:41'),
                                                                                         (97, 97, 'Wallet', 'INITIATED', 'e2bec7ef-7147-49a8-8c66-6923b8bdad7c', '2024-11-17 03:19:54'),
                                                                                         (98, 98, 'UPI', 'SUCCESS', '6c76ae3f-0345-42f4-a0c6-280052b9cca7', '2025-02-16 00:30:11'),
                                                                                         (99, 99, 'CreditCard', 'INITIATED', 'a94b34ab-d5f3-4675-9fb9-f145a4aa6291', '2025-02-04 06:09:33'),
                                                                                         (100, 100, 'NetBanking', 'SUCCESS', 'ee83467e-dd3b-4044-89b7-c01acc5622d6', '2025-02-17 18:54:48');

INSERT INTO payment (id, transaction_id, method, status, reference_id, processed_at) VALUES
                                                                                         (101, 101, 'Wallet', 'SUCCESS', '5c36651a-3650-4064-910d-b07c4b280aeb', '2024-12-26 10:32:54'),
                                                                                         (102, 102, 'NetBanking', 'SUCCESS', 'd39627d1-f058-4d2c-ac40-0a382ca71500', '2024-05-27 18:41:26'),
                                                                                         (103, 103, 'NetBanking', 'SUCCESS', 'bf5d7dc5-6fc7-4af5-aaea-33e56ba18d2a', '2024-10-02 06:44:15'),
                                                                                         (104, 104, 'NetBanking', 'SUCCESS', 'e81baeac-8184-4b5a-be08-4fc505ad1916', '2024-12-31 07:43:45'),
                                                                                         (105, 105, 'CreditCard', 'INITIATED', 'faf141ae-418a-4f5a-ad47-d2a7ef16c9a9', '2024-10-02 05:47:23'),
                                                                                         (106, 106, 'Wallet', 'SUCCESS', 'be4c11c2-37cd-4ee2-87b3-20b254efb9d0', '2025-05-16 03:55:07'),
                                                                                         (107, 107, 'UPI', 'FAILED', '24bd8f44-0d68-478b-b4fb-9d2400872347', '2025-03-30 07:34:46'),
                                                                                         (108, 108, 'Wallet', 'INITIATED', '74bdc385-06b8-4b0f-9731-95eff6cfc3db', '2025-05-19 15:35:47'),
                                                                                         (109, 109, 'UPI', 'SUCCESS', '8a70b736-8a90-4b42-9b83-c85bb5a2c8e2', '2025-07-16 10:17:07'),
                                                                                         (110, 110, 'NetBanking', 'SUCCESS', '55ce70ee-d516-4f22-b029-a41a7cedf5ea', '2025-07-31 11:29:49'),
                                                                                         (111, 111, 'CreditCard', 'SUCCESS', '930f6ef3-3ff1-4997-abdf-340140cdb301', '2025-05-29 12:40:37'),
                                                                                         (112, 112, 'Wallet', 'FAILED', '8e3308ed-c671-42b2-819b-61118f75bc36', '2025-05-11 21:01:35'),
                                                                                         (113, 113, 'Wallet', 'SUCCESS', '8a275290-a880-4ef0-a79d-44a102473d8d', '2025-02-15 05:43:35'),
                                                                                         (114, 114, 'UPI', 'SUCCESS', '6f796727-0775-4a7e-82e8-741e68a1d5e2', '2025-04-05 08:52:16'),
                                                                                         (115, 115, 'NetBanking', 'SUCCESS', '9a081cdf-d8a2-4244-9c4b-5a437216759b', '2025-06-01 22:01:55'),
                                                                                         (116, 116, 'CreditCard', 'INITIATED', '9277a3f7-837e-4959-b615-46d6a3a81fea', '2024-07-16 08:56:29'),
                                                                                         (117, 117, 'Wallet', 'SUCCESS', '0bfa0c0e-50f8-45df-992b-20ff44c24a33', '2024-05-18 20:49:42'),
                                                                                         (118, 118, 'CreditCard', 'SUCCESS', 'dc9a827d-6399-43df-b46b-37d7896fe359', '2024-07-01 12:32:26'),
                                                                                         (119, 119, 'Wallet', 'SUCCESS', '3bae1a26-5687-4aed-9d08-6926083f1fcc', '2025-05-04 10:07:20'),
                                                                                         (120, 120, 'NetBanking', 'SUCCESS', 'd1c45a88-50ad-4557-97a8-d75f3cac7f68', '2025-04-30 02:19:36'),
                                                                                         (121, 121, 'UPI', 'SUCCESS', '916ad330-ac90-444c-97ab-dca299d7436b', '2025-04-23 07:39:33'),
                                                                                         (122, 122, 'CreditCard', 'SUCCESS', 'c4ad050d-d37e-4a57-9192-c2de4f0da447', '2025-04-08 00:01:56'),
                                                                                         (123, 123, 'Wallet', 'FAILED', '3036e63f-980e-4aff-8538-bf31a5c560f9', '2025-06-24 11:25:13'),
                                                                                         (124, 124, 'NetBanking', 'SUCCESS', 'b044ecad-255f-43db-aa36-66df08c5b572', '2025-05-01 18:09:13'),
                                                                                         (125, 125, 'CreditCard', 'SUCCESS', '55476fb1-8aab-49fd-8bab-f8f00c40b47d', '2025-07-17 18:56:42'),
                                                                                         (126, 126, 'NetBanking', 'FAILED', '07840fa6-db9b-4dd6-a85b-85dc1ff8306a', '2025-03-11 11:18:10'),
                                                                                         (127, 127, 'UPI', 'SUCCESS', '107944a7-0e24-4575-8c33-233f6893b16a', '2024-11-21 19:41:06'),
                                                                                         (128, 128, 'UPI', 'SUCCESS', 'f5276898-2590-4c21-8273-fba86954bfc0', '2025-07-06 17:16:44'),
                                                                                         (129, 129, 'UPI', 'SUCCESS', '85cbd04a-a195-4c2f-9a45-e2b220e04d32', '2025-01-03 03:43:00'),
                                                                                         (130, 130, 'CreditCard', 'SUCCESS', '770feaca-5d6a-4bd1-b354-5ba71891c405', '2025-04-12 12:22:20'),
                                                                                         (131, 131, 'NetBanking', 'SUCCESS', 'ba858dde-8404-4a88-963f-d9f0b47f1385', '2025-05-09 15:35:41'),
                                                                                         (132, 132, 'UPI', 'SUCCESS', '72125f32-c315-41bc-b56a-5e57e2d106aa', '2025-05-07 00:29:43'),
                                                                                         (133, 133, 'CreditCard', 'SUCCESS', '8dc803a5-4598-4883-a2e2-08e8959bd0c0', '2025-01-30 15:23:33'),
                                                                                         (134, 134, 'Wallet', 'SUCCESS', 'f7be4ac5-e172-4c01-b7f6-1fb210de35ac', '2025-01-15 07:08:35'),
                                                                                         (135, 135, 'Wallet', 'SUCCESS', '61e7dc43-1c37-4ca2-8996-437bd94d0daa', '2025-02-14 16:56:59'),
                                                                                         (136, 136, 'UPI', 'FAILED', 'a85a0cad-41d3-4b0d-8a67-b3ed6b467f03', '2025-04-15 04:13:35'),
                                                                                         (137, 137, 'CreditCard', 'SUCCESS', 'e38d8b3a-acbc-4711-aaf8-034a54c1787f', '2025-03-26 18:18:26'),
                                                                                         (138, 138, 'NetBanking', 'SUCCESS', '68ff1760-eebc-4425-8528-ad9cd1e19eb3', '2025-07-04 09:22:38'),
                                                                                         (139, 139, 'UPI', 'SUCCESS', 'e43c73b9-02b5-41ff-b25c-c9274f27b81f', '2025-06-08 12:31:28'),
                                                                                         (140, 140, 'Wallet', 'SUCCESS', '6a7ff48f-60af-4217-8649-97e08b2c485c', '2025-07-23 19:38:37'),
                                                                                         (141, 141, 'CreditCard', 'SUCCESS', '0cad8828-2240-4c41-af06-ffd51bee6953', '2024-08-25 15:53:49'),
                                                                                         (142, 142, 'UPI', 'SUCCESS', 'ac27c2bc-3b4f-46a3-be8f-0da1b3c1376a', '2024-08-17 03:57:26'),
                                                                                         (143, 143, 'NetBanking', 'FAILED', 'cc13ea59-8fc6-441e-838a-3b6cc11243d0', '2024-12-15 19:30:28'),
                                                                                         (144, 144, 'NetBanking', 'FAILED', 'cc5cd443-03df-40b5-8ce5-751360eea307', '2025-06-08 08:59:49'),
                                                                                         (145, 145, 'NetBanking', 'SUCCESS', '73d82300-c580-4903-83dc-f861025d90ab', '2025-01-04 09:52:37'),
                                                                                         (146, 146, 'UPI', 'SUCCESS', 'e75880f8-6fb4-4e50-a6b9-f60baf301c03', '2025-07-29 17:06:29'),
                                                                                         (147, 147, 'NetBanking', 'SUCCESS', 'd430f66e-72ce-4964-b924-a24f744e09c3', '2023-12-10 19:14:25'),
                                                                                         (148, 148, 'CreditCard', 'SUCCESS', '83fe6330-d930-44b3-98cd-2ac5f6ccaa43', '2025-02-04 02:16:03'),
                                                                                         (149, 149, 'UPI', 'SUCCESS', '5a256b5e-fb36-438e-8599-7dce1c897fb3', '2025-03-28 07:06:09'),
                                                                                         (150, 150, 'NetBanking', 'SUCCESS', '1368cd73-664a-4eca-8336-85078c881b22', '2024-08-23 20:02:34'),
                                                                                         (151, 151, 'CreditCard', 'SUCCESS', '7dd90ecf-3eb5-4b11-b390-967c489404a1', '2025-02-03 16:32:00'),
                                                                                         (152, 152, 'CreditCard', 'INITIATED', 'f67fc1e4-79d7-4899-a14d-cacaa7b3a0ab', '2024-09-30 00:30:03'),
                                                                                         (153, 153, 'NetBanking', 'SUCCESS', '6571f03d-e303-4c8f-8e59-186625e005fe', '2025-04-25 02:36:36'),
                                                                                         (154, 154, 'Wallet', 'SUCCESS', '532cc593-6f5d-4585-bade-4c87264651bb', '2024-11-23 18:58:14'),
                                                                                         (155, 155, 'Wallet', 'FAILED', 'bdf8bb75-304d-4471-8f9e-e5f0988b50ed', '2025-03-18 22:25:30'),
                                                                                         (156, 156, 'NetBanking', 'SUCCESS', '9523cafd-772e-45d9-b723-0079da3296f4', '2025-07-31 03:29:58'),
                                                                                         (157, 157, 'Wallet', 'SUCCESS', '9725f41d-74e7-40a6-b92c-f1aee5b295eb', '2025-07-10 21:01:15'),
                                                                                         (158, 158, 'Wallet', 'SUCCESS', '8ef1aaa7-a644-4ba3-90cd-40b009cdc369', '2024-11-29 22:09:51'),
                                                                                         (159, 159, 'CreditCard', 'SUCCESS', 'ccaf2baf-b418-4fc4-9208-d182ffba8e30', '2024-11-18 04:46:01'),
                                                                                         (160, 160, 'Wallet', 'SUCCESS', '7d7cd35b-7157-44c7-9690-bce7ccbb59fd', '2025-03-25 05:47:56'),
                                                                                         (161, 161, 'UPI', 'SUCCESS', 'beb69c55-93bd-4f6f-9823-29f782734bae', '2025-04-14 04:03:53'),
                                                                                         (162, 162, 'NetBanking', 'SUCCESS', 'b5cce0e7-8290-41d2-bbe4-df6e76db805d', '2025-07-20 01:56:44'),
                                                                                         (163, 163, 'NetBanking', 'FAILED', '368c5856-f3b8-42c6-92b3-2a2945e45bdb', '2023-11-11 07:13:47'),
                                                                                         (164, 164, 'NetBanking', 'SUCCESS', '1b369d4d-5ceb-49ff-91c0-c2ce4ae213d8', '2025-06-27 14:15:55'),
                                                                                         (165, 165, 'NetBanking', 'SUCCESS', '0a7fa0c2-dffc-4593-b7b9-6755554bbf68', '2024-12-12 09:49:41'),
                                                                                         (166, 166, 'NetBanking', 'SUCCESS', '87fd3b37-5bde-42b3-a9b1-b0142526612b', '2025-02-18 14:23:44'),
                                                                                         (167, 167, 'CreditCard', 'INITIATED', '79526b35-275a-45ae-b8a4-6246a5aa7bde', '2025-06-08 22:21:37'),
                                                                                         (168, 168, 'Wallet', 'SUCCESS', '763773a5-4363-493c-8464-45bf759ee289', '2025-06-27 12:53:34'),
                                                                                         (169, 169, 'UPI', 'SUCCESS', 'bc4d7e2f-1260-46da-95c4-d91aa9835a4e', '2025-05-14 04:51:05'),
                                                                                         (170, 170, 'NetBanking', 'SUCCESS', '790e17cb-3f54-4fa5-add5-e85daa952f55', '2025-07-06 15:31:38'),
                                                                                         (171, 171, 'Wallet', 'FAILED', '28d887d2-4a34-498c-8bf1-7c6521ef429d', '2025-06-17 07:10:56'),
                                                                                         (172, 172, 'Wallet', 'FAILED', 'c92b7820-2195-4674-a0ef-7c6dd89cb0bb', '2024-10-18 14:32:24'),
                                                                                         (173, 173, 'CreditCard', 'INITIATED', 'fab928ab-dc5c-47e2-a03f-d83df6bfe91b', '2024-09-13 22:13:44'),
                                                                                         (174, 174, 'Wallet', 'FAILED', 'dd5074e5-00de-4072-83e8-bb7081ab687f', '2024-11-09 20:20:59'),
                                                                                         (175, 175, 'NetBanking', 'INITIATED', 'e45fee7f-b7d3-488f-b4da-f2fb4023266b', '2024-06-06 15:07:00'),
                                                                                         (176, 176, 'Wallet', 'SUCCESS', '6f62261e-a14e-4b16-8df3-a2603ff9ac11', '2025-05-04 13:53:24'),
                                                                                         (177, 177, 'Wallet', 'SUCCESS', 'c4fa6c4c-9904-426f-a338-313bdc810374', '2025-03-15 06:40:42'),
                                                                                         (178, 178, 'CreditCard', 'SUCCESS', '47a28ee1-cc1a-47f2-a24c-4728aee32011', '2025-06-15 14:54:30'),
                                                                                         (179, 179, 'NetBanking', 'SUCCESS', '14a28a4d-87f0-46fb-8786-926c311e1532', '2024-04-07 12:52:13'),
                                                                                         (180, 180, 'Wallet', 'SUCCESS', '059fd953-784b-4cda-8ffe-aec7894e0242', '2025-07-10 22:14:17'),
                                                                                         (181, 181, 'CreditCard', 'SUCCESS', '0cfbc21e-62b6-41f5-9322-0310e3e19d3d', '2025-07-17 12:52:15'),
                                                                                         (182, 182, 'NetBanking', 'SUCCESS', '8be5d924-f217-4e51-8637-6d172598256b', '2025-04-09 02:23:59'),
                                                                                         (183, 183, 'Wallet', 'SUCCESS', 'f51304ec-7b81-4624-9e08-0fc1f2dead1e', '2025-07-22 08:44:13'),
                                                                                         (184, 184, 'NetBanking', 'SUCCESS', '0d1bee66-541d-40fc-8e48-21f29be21097', '2025-06-14 02:08:11'),
                                                                                         (185, 185, 'CreditCard', 'SUCCESS', 'e4fe7892-5da3-4143-ae3b-1423eefcc49c', '2025-06-28 23:05:00'),
                                                                                         (186, 186, 'Wallet', 'SUCCESS', '7dede814-4191-4f0d-b075-416295410d1a', '2025-06-25 14:10:14'),
                                                                                         (187, 187, 'NetBanking', 'SUCCESS', '4e3b0e26-4a51-4c84-8c82-4b1abb9e3866', '2025-01-31 20:39:36'),
                                                                                         (188, 188, 'Wallet', 'SUCCESS', '8f2dc1d0-a95a-4916-929e-1ddad9e59624', '2025-05-30 13:19:26'),
                                                                                         (189, 189, 'CreditCard', 'SUCCESS', '725e2c25-23de-453a-85f9-03878503488d', '2024-11-06 20:17:25'),
                                                                                         (190, 190, 'Wallet', 'SUCCESS', '11ee3f5a-51c1-4c2a-98de-9d4bff6b0615', '2025-07-22 17:57:27'),
                                                                                         (191, 191, 'UPI', 'SUCCESS', 'ad8714cd-f68d-4cd9-a931-d0916ff508c8', '2025-02-11 20:30:25'),
                                                                                         (192, 192, 'NetBanking', 'SUCCESS', '859e51a0-6027-45f2-b233-bab9424a4ddc', '2025-06-25 05:33:43'),
                                                                                         (193, 193, 'NetBanking', 'SUCCESS', 'bead1b24-a40c-46d5-a4be-fcb9efb817eb', '2024-12-30 16:19:26'),
                                                                                         (194, 194, 'Wallet', 'SUCCESS', '479c097a-0d50-4389-a84a-2dabb2467553', '2024-10-15 08:39:26'),
                                                                                         (195, 195, 'Wallet', 'SUCCESS', '4d174cbf-7b64-46b0-87bb-043c8c2f8378', '2025-01-04 12:10:09'),
                                                                                         (196, 196, 'NetBanking', 'SUCCESS', 'b96322d6-6b0f-489f-8392-5c5d4c9ba8cb', '2025-05-31 02:32:28'),
                                                                                         (197, 197, 'NetBanking', 'SUCCESS', '64f83174-5f5d-4748-85f7-c8de1a1a15bb', '2024-05-06 13:06:15'),
                                                                                         (198, 198, 'CreditCard', 'SUCCESS', '96f501b2-b7c5-4094-bf94-e6555de1d72c', '2025-04-08 05:32:13'),
                                                                                         (199, 199, 'UPI', 'SUCCESS', '993aa504-754a-407f-afa3-513b70603459', '2025-05-02 14:40:17'),
                                                                                         (200, 200, 'Wallet', 'SUCCESS', '24c18cf1-385d-4d4b-a711-6d60e13d422f', '2025-07-05 05:10:57');

INSERT INTO payment (id, transaction_id, method, status, reference_id, processed_at) VALUES
                                                                                         (201, 201, 'Wallet', 'SUCCESS', '8a03e87e-e0da-4c70-9182-ba2d4941ac96', '2025-04-30 18:10:25'),
                                                                                         (202, 202, 'UPI', 'INITIATED', 'db12b802-eec6-47ba-809f-39609a24e1ba', '2025-07-11 19:35:00'),
                                                                                         (203, 203, 'CreditCard', 'SUCCESS', 'f9ab1887-7cba-40b0-98db-41636f32069b', '2024-12-01 17:54:15'),
                                                                                         (204, 204, 'NetBanking', 'SUCCESS', '9ed09778-5b77-459a-aced-7dc39c5b9fea', '2025-04-16 21:42:30'),
                                                                                         (205, 205, 'UPI', 'SUCCESS', '65a37dc6-41a1-442d-aae7-c3a30f5be4af', '2025-05-11 06:33:21'),
                                                                                         (206, 206, 'Wallet', 'FAILED', '68aa3f0d-51e1-478d-bab3-abe22cfbd3c1', '2025-03-15 00:38:12'),
                                                                                         (207, 207, 'CreditCard', 'SUCCESS', '5eea91cc-c967-46b1-bf93-d1b99659168c', '2025-02-08 21:31:58'),
                                                                                         (208, 208, 'UPI', 'SUCCESS', 'e5e8d4a7-10db-4896-ab30-865e47c453b7', '2024-05-24 13:25:02'),
                                                                                         (209, 209, 'Wallet', 'SUCCESS', '0e5062e4-c98c-440d-8269-92fb28010167', '2025-03-07 06:54:00'),
                                                                                         (210, 210, 'UPI', 'SUCCESS', '3a7dc165-ce04-409d-bac5-581afe7c5138', '2024-11-06 17:20:12'),
                                                                                         (211, 211, 'NetBanking', 'SUCCESS', '1df64b15-2677-4078-b3ea-e5bfbbfdd8dc', '2025-07-14 22:41:03'),
                                                                                         (212, 212, 'NetBanking', 'SUCCESS', '64ff38e4-173f-407e-858d-98762e916103', '2025-07-04 16:11:40'),
                                                                                         (213, 213, 'UPI', 'SUCCESS', '7c347acd-7c90-4b93-8d8e-3cacd2ee5109', '2025-02-02 03:21:54'),
                                                                                         (214, 214, 'UPI', 'FAILED', '9e12d4ad-8fb1-4b9f-83c0-f3a6b5d78a1b', '2025-07-09 23:06:02'),
                                                                                         (215, 215, 'NetBanking', 'SUCCESS', '10da7225-b70d-4602-8abb-943aeede54dc', '2024-12-26 18:07:29'),
                                                                                         (216, 216, 'Wallet', 'SUCCESS', '604b51ba-5a6e-420f-9f11-d3f6f7c60cff', '2025-06-17 13:40:28'),
                                                                                         (217, 217, 'NetBanking', 'SUCCESS', 'baea3bdc-eb92-4056-8b90-c227410ed877', '2024-07-09 15:28:24'),
                                                                                         (218, 218, 'Wallet', 'FAILED', 'bd2f663b-02f9-4943-baa0-37aff19c02ee', '2024-11-08 01:59:15'),
                                                                                         (219, 219, 'NetBanking', 'FAILED', '9f88b1aa-1b53-430d-97e0-8264e268d65a', '2024-12-21 02:26:16'),
                                                                                         (220, 220, 'UPI', 'SUCCESS', '966f2b78-4308-40a0-81ed-1d01d4a28ae4', '2024-05-26 16:50:22'),
                                                                                         (221, 221, 'CreditCard', 'SUCCESS', 'e116a635-77e4-41f8-aba9-66de79ae02e3', '2025-05-12 21:18:43'),
                                                                                         (222, 222, 'NetBanking', 'SUCCESS', '7108ed9b-ac0d-4a91-9610-cd12027aa23e', '2024-06-06 18:03:06'),
                                                                                         (223, 223, 'UPI', 'SUCCESS', 'ad45b282-b7d8-41d0-ade4-611f24a0ceb5', '2025-04-28 16:36:17'),
                                                                                         (224, 224, 'NetBanking', 'SUCCESS', '7c3532d8-bc9e-457a-b8cb-a7fc36d77ba0', '2024-08-19 17:47:40'),
                                                                                         (225, 225, 'UPI', 'SUCCESS', 'a60552ef-c7ec-4276-b4c1-6d8d0cd31163', '2025-02-10 21:48:55'),
                                                                                         (226, 226, 'UPI', 'SUCCESS', '1462345d-b19b-486b-94c6-db749ac59609', '2024-11-24 16:58:11'),
                                                                                         (227, 227, 'CreditCard', 'SUCCESS', 'a827c94d-86d9-4538-8b4e-ff4a0e3ae146', '2025-07-19 10:18:08'),
                                                                                         (228, 228, 'Wallet', 'SUCCESS', '95dfb04b-8f08-472c-9fd6-03e9d2f380b7', '2025-04-12 07:42:37'),
                                                                                         (229, 229, 'UPI', 'INITIATED', '54da87d1-7205-437a-8b8c-fc934c779da0', '2025-04-16 06:12:51'),
                                                                                         (230, 230, 'UPI', 'SUCCESS', '68fa0b70-22a7-495d-b112-fd01f8d58679', '2025-05-05 16:43:58'),
                                                                                         (231, 231, 'Wallet', 'SUCCESS', 'abec6b1e-ee9a-4fae-be4b-62d8c89afd65', '2025-06-14 22:13:40'),
                                                                                         (232, 232, 'NetBanking', 'SUCCESS', '450c5296-e147-4cd8-8f5c-21b849fc48c3', '2025-01-29 09:27:33'),
                                                                                         (233, 233, 'CreditCard', 'FAILED', '167c787a-580f-4f82-b667-317f1dd45556', '2025-06-16 10:51:56'),
                                                                                         (234, 234, 'UPI', 'SUCCESS', '0d3ad04b-6f97-4a9d-8b8d-a9f5dee96ce5', '2025-04-03 02:53:35'),
                                                                                         (235, 235, 'CreditCard', 'FAILED', 'a1205063-e783-4b02-b011-0f2d64e790c3', '2025-03-10 21:31:39'),
                                                                                         (236, 236, 'Wallet', 'FAILED', 'c84247e4-b22f-4278-a2c5-90385d39e946', '2025-06-26 11:36:01'),
                                                                                         (237, 237, 'CreditCard', 'FAILED', '26caa1c3-48f2-44cf-a896-eccc004b1270', '2024-11-15 03:35:37'),
                                                                                         (238, 238, 'Wallet', 'SUCCESS', '9e048baa-9d12-4e41-9a6a-319b46e8f268', '2025-04-18 02:34:33'),
                                                                                         (239, 239, 'NetBanking', 'FAILED', '44392aa7-034b-4287-ac16-af9aa5509003', '2025-06-19 10:01:02'),
                                                                                         (240, 240, 'NetBanking', 'SUCCESS', '5fc46158-a33b-4644-be22-11ff5ab1981a', '2025-02-21 17:45:18'),
                                                                                         (241, 241, 'NetBanking', 'SUCCESS', '42ace38c-3193-477f-bc32-535ef37dfa8e', '2025-05-26 07:23:39'),
                                                                                         (242, 242, 'Wallet', 'FAILED', 'cdd0f19d-b474-41d3-8b01-0ae6ff5721b3', '2024-11-28 23:06:12'),
                                                                                         (243, 243, 'Wallet', 'SUCCESS', 'bdae0a38-3620-4bc9-b06d-51bc45a90f1e', '2025-05-04 23:27:40'),
                                                                                         (244, 244, 'CreditCard', 'SUCCESS', 'c4fb8220-f0b9-4374-849c-6b32eeafde2a', '2025-05-21 20:37:53'),
                                                                                         (245, 245, 'Wallet', 'SUCCESS', 'e804c9c5-ea93-4b20-aa69-8c0c99265002', '2025-07-01 15:09:49'),
                                                                                         (246, 246, 'UPI', 'INITIATED', '5fe2fe16-1896-40e2-a460-935be4fcc87c', '2025-01-10 09:53:35'),
                                                                                         (247, 247, 'NetBanking', 'SUCCESS', 'e1fa989c-0ef1-417a-a820-b122c20d0363', '2025-02-26 03:11:04'),
                                                                                         (248, 248, 'UPI', 'SUCCESS', 'cf56fe98-3550-41f8-9903-8aa6587bea00', '2024-12-19 05:14:31'),
                                                                                         (249, 249, 'Wallet', 'SUCCESS', '6876fab1-e8cd-444e-90fd-6241c1ba8256', '2024-10-15 06:22:55'),
                                                                                         (250, 250, 'NetBanking', 'INITIATED', 'c6ea00b5-90c9-4a53-93c4-e61571e18cbb', '2024-09-17 23:47:24'),
                                                                                         (251, 251, 'CreditCard', 'SUCCESS', '4deac4c8-5523-4497-9577-70dfc38edfdf', '2025-04-30 17:13:45'),
                                                                                         (252, 252, 'Wallet', 'SUCCESS', '8726fa04-525f-42b8-82c0-5df372380177', '2025-02-17 15:31:03'),
                                                                                         (253, 253, 'CreditCard', 'SUCCESS', 'a364f7a0-8611-47e3-8fbf-12460c775639', '2024-10-13 17:14:41'),
                                                                                         (254, 254, 'Wallet', 'SUCCESS', '57d569f5-95b4-4a7f-8dc6-8bbc8808c7f9', '2025-02-26 15:28:43'),
                                                                                         (255, 255, 'NetBanking', 'SUCCESS', '4734b4e4-8ef6-448e-bcbc-138eff1015e1', '2024-11-16 00:22:57'),
                                                                                         (256, 256, 'CreditCard', 'SUCCESS', '47b34fdc-8a9c-4a82-be3f-89a740026361', '2024-08-22 11:17:32'),
                                                                                         (257, 257, 'UPI', 'INITIATED', '5a800f32-e988-4621-bafc-3a52d17d626d', '2025-07-29 10:31:17'),
                                                                                         (258, 258, 'Wallet', 'SUCCESS', '6b33b3d7-444d-4f77-9325-e1dbc63d121f', '2025-06-24 01:03:09'),
                                                                                         (259, 259, 'NetBanking', 'SUCCESS', 'a4fb8517-f97f-4859-9e1b-0f465daa820b', '2024-08-16 13:18:26'),
                                                                                         (260, 260, 'NetBanking', 'SUCCESS', '7f69c710-24e1-4849-9b0e-48006309ab3d', '2024-05-04 14:43:15'),
                                                                                         (261, 261, 'UPI', 'FAILED', '24ee20f7-8af6-4978-bd93-caf61c160dcf', '2025-01-15 20:00:10'),
                                                                                         (262, 262, 'UPI', 'SUCCESS', '4b710210-d204-4e0e-af5b-ea5ba8f33e09', '2025-07-25 04:54:01'),
                                                                                         (263, 263, 'NetBanking', 'SUCCESS', '6a84ce8f-0c1b-489d-b9fe-feeb23bdac65', '2025-05-23 00:30:13'),
                                                                                         (264, 264, 'Wallet', 'SUCCESS', '8e42a6da-e7fe-485c-b7b6-095c8eece87e', '2025-05-25 05:15:26'),
                                                                                         (265, 265, 'UPI', 'SUCCESS', '0261ead7-c188-4fea-a8e0-f3eb3ab8a4e8', '2024-12-29 04:05:19'),
                                                                                         (266, 266, 'CreditCard', 'SUCCESS', '1be9200d-229d-4b10-a5dc-43ea4bccbdd3', '2025-07-10 16:21:17'),
                                                                                         (267, 267, 'NetBanking', 'INITIATED', '950d4455-dbfb-4555-929c-bc4ebf4a16cb', '2025-03-13 07:19:42'),
                                                                                         (268, 268, 'CreditCard', 'INITIATED', '5235a5a4-7d75-4ec5-9681-c91b7b7ddfa8', '2025-07-19 00:42:04'),
                                                                                         (269, 269, 'UPI', 'SUCCESS', '4af4e06a-87f7-4923-b3c4-4a611e87bcde', '2025-06-17 05:30:27'),
                                                                                         (270, 270, 'UPI', 'SUCCESS', 'c994314d-5bbe-4113-8b78-137816db092b', '2025-06-06 19:15:09'),
                                                                                         (271, 271, 'Wallet', 'SUCCESS', '9702112b-d109-4f05-b859-bd5318f4daca', '2025-04-28 00:02:22'),
                                                                                         (272, 272, 'Wallet', 'INITIATED', '88f28b3a-1996-4e0a-a6f6-f27641ff7f82', '2024-10-19 13:15:01'),
                                                                                         (273, 273, 'Wallet', 'SUCCESS', '1cd6ba49-109f-43be-ba9d-6fcaa7216be0', '2024-10-26 03:39:09'),
                                                                                         (274, 274, 'UPI', 'SUCCESS', '73f6291c-0dc4-4d33-ba60-65f6b30e5826', '2025-03-27 06:38:14'),
                                                                                         (275, 275, 'CreditCard', 'SUCCESS', '57e92692-bc51-4d42-ac9e-9935b5a0e714', '2025-05-25 22:32:08'),
                                                                                         (276, 276, 'NetBanking', 'SUCCESS', '8c03be8a-265c-44e3-8f30-13ab5029f78c', '2025-04-15 08:41:00'),
                                                                                         (277, 277, 'NetBanking', 'SUCCESS', '59a6656a-47b5-4972-8bd5-206a4c1d4790', '2025-06-26 05:35:19'),
                                                                                         (278, 278, 'UPI', 'SUCCESS', 'df2d84e6-8801-4fe3-b546-db5d3e3bc12e', '2025-03-04 06:57:20'),
                                                                                         (279, 279, 'Wallet', 'SUCCESS', 'd3ba5812-4f72-4ed5-b39d-360bfef3add5', '2025-04-20 19:16:56'),
                                                                                         (280, 280, 'CreditCard', 'FAILED', '05ce5590-656a-4dd7-9853-1b3db2be8929', '2025-02-15 16:53:07'),
                                                                                         (281, 281, 'Wallet', 'INITIATED', 'ad1a47db-38a3-43c4-820c-e2b57777b0d7', '2025-07-09 16:46:54'),
                                                                                         (282, 282, 'UPI', 'SUCCESS', '74f8fce8-6d94-46e8-ad00-dc1c5aa92c3b', '2024-09-11 03:45:38'),
                                                                                         (283, 283, 'Wallet', 'SUCCESS', 'ab020acb-b1f5-446d-9e03-50baa094bff0', '2025-04-23 18:59:50'),
                                                                                         (284, 284, 'Wallet', 'SUCCESS', '9d442416-fb00-432c-948f-9f068bc867f1', '2025-06-03 10:58:59'),
                                                                                         (285, 285, 'Wallet', 'SUCCESS', 'e888a886-c019-44ef-89b2-ac27f794db28', '2025-04-12 20:52:19'),
                                                                                         (286, 286, 'UPI', 'SUCCESS', '5783c328-6962-4632-846a-6064a1e56c79', '2025-06-28 05:08:30'),
                                                                                         (287, 287, 'CreditCard', 'SUCCESS', '21bd5da3-ef52-43ac-b908-e77bc1e23ac2', '2025-03-30 05:22:39'),
                                                                                         (288, 288, 'Wallet', 'SUCCESS', '136f187d-8897-4ad2-95bb-68d3eb7f3753', '2025-02-03 17:34:14'),
                                                                                         (289, 289, 'UPI', 'SUCCESS', '01c0db17-391a-4d71-902f-e879d43ede01', '2024-12-16 09:22:03'),
                                                                                         (290, 290, 'CreditCard', 'FAILED', '9761bf3b-937b-4a2e-bd03-f9af9d452b50', '2025-06-22 18:46:39'),
                                                                                         (291, 291, 'Wallet', 'SUCCESS', 'a6a0e63b-83a2-4839-a0f0-601a579bd3ff', '2024-11-28 08:29:32'),
                                                                                         (292, 292, 'UPI', 'SUCCESS', 'ad8dc745-407e-42e0-9353-3283f8105dde', '2025-03-29 20:02:09'),
                                                                                         (293, 293, 'UPI', 'SUCCESS', '68f1cdfb-0b88-4aba-91a1-744d22110cbe', '2025-05-04 10:36:43'),
                                                                                         (294, 294, 'CreditCard', 'INITIATED', 'd3a47750-11fd-4a28-8af6-0b0b555d9855', '2025-07-18 22:07:31'),
                                                                                         (295, 295, 'Wallet', 'SUCCESS', '1226581c-6a7d-4e6f-b92c-db67d248254b', '2025-03-12 15:34:48'),
                                                                                         (296, 296, 'CreditCard', 'SUCCESS', '547b1135-bdb0-47cd-8a0c-9d814dc1851f', '2024-08-07 19:54:26'),
                                                                                         (297, 297, 'CreditCard', 'SUCCESS', 'f47cc74a-3be0-4d10-9c90-42cfde1c6efa', '2025-01-22 23:19:43'),
                                                                                         (298, 298, 'CreditCard', 'SUCCESS', '0dec949e-82bf-4f5b-bc92-c407e8bdd7fc', '2025-01-26 15:43:10'),
                                                                                         (299, 299, 'Wallet', 'SUCCESS', '4c791df4-d776-4eda-a5e9-d2ca9437496c', '2025-07-15 03:23:34'),
                                                                                         (300, 300, 'UPI', 'SUCCESS', '013bf598-042a-47ba-90b8-8f876ed838cd', '2024-08-30 20:30:00');

COMMIT;
